0.8855012677714623,0.8168677526405437,0.7721062701116878,0.7311820883599872,0.7067972307654685,0.0,0.0,0.0,0.0,0.0,0.0,0.0,0.0,0.0,0.0,0.0,0.0,0.0,0.0,0.0,0.0,0.0,0.005714215022614085,0.006405938477670628,0.007520392441620003,0.008496570173928922,0.007914792972045883,0.007099279364813475,0.007474176267425862,0.006981713171722205,0.0072863106306751526,0.006459684232943782,0.005632227298673275,0.00637731081046096,0.005827073618828938,0.005813023238636069,0.006567562198625779,0.0061964862593013245,0.005870253153637186,0.0060652007666132475,0.005689443005692516,0.005948622573682817,0.00494504542763,0.004866498062878025,0.0051183240547808245,0.004881479064406945,0.004351474615784912,0.004246028000851784,0.0041876239218858234,0.004394943319771844,0.003792672522830471,0.003654699648027085,0.003655676743393059,0.0030935006977875212,0.0029825951777199063,0.002492469420177373,0.00210568313844455,0.0021106053870721332,0.001986241697812134,0.001885324039804688,0.001200160764599573,0.001103975517791636,0.000915946456196261,0.0008423149919004381,0.001232267417182074,0.0,0.0,0.0,0.0,0.0,0.0,0.0,0.0,0.0,0.0,0.0,0.0,0.0,0.0,0.0,0.0,0.0,0.0,0.0,0.0
0.8858834815496234,0.8186542558864639,0.7724935006544756,0.734048173382632,0.7080584139963573,0.0,0.0,0.0,0.0,0.0,0.0,0.0,0.0,0.0,0.0,0.0,0.0,0.0,0.0,0.0,0.0,0.0,0.005630959291094802,0.006401229300699758,0.007306074828266143,0.00881054158208504,0.007762710308876468,0.006920834778783106,0.007505050728198534,0.007049850684472939,0.007288266032506718,0.006449839886958972,0.005869933192269825,0.006235432993357085,0.005705007536775092,0.005946995860141141,0.0063539504868964395,0.006050435094610032,0.0058166285232522956,0.005976585017748128,0.00571546320640379,0.005832271846012283,0.005102760658703435,0.005067865871419939,0.0052020562743342064,0.004896295315961182,0.004380966226067165,0.004142142711181804,0.004315572218577164,0.004373522711525247,0.003988471862397498,0.003791184051686115,0.003614466455095867,0.003125232491298344,0.0030512345191391842,0.002510116801078873,0.002187743117790643,0.0020115193738658972,0.001889025146643789,0.0018826616026532859,0.001125072839790025,0.001144448380707506,0.001074394594024024,0.0008516566336190081,0.0012336864480237291,0.0,0.0,0.0,0.0,0.0,0.0,0.0,0.0,0.0,0.0,0.0,0.0,0.0,0.0,0.0,0.0,0.0,0.0,0.0,0.0
0.8939865559101353,0.8247529748969269,0.7778036016109732,0.7405058407401064,0.7111743634956121,0.0,0.0,0.0,0.0,0.0,0.0,0.0,0.0,0.0,0.0,0.0,0.0,0.0,0.0,0.0,0.0,0.0,0.005774324900278025,0.006305756043465606,0.007800504274289685,0.008691008447023169,0.00806470894329469,0.006907299703581256,0.007549697841482699,0.007140227671759854,0.007268652022493394,0.006667478402047981,0.005803229751181345,0.006308677180369669,0.005979130319311247,0.006088473428930011,0.006281030996594046,0.006242385194655652,0.005776052384888185,0.005823773968763044,0.0057068157589628575,0.005636460014963239,0.005242865278674051,0.005164800090181193,0.005200725797335481,0.005170812624058382,0.004377861239765783,0.0042512593626431805,0.004406049714487729,0.00443804516584919,0.003877738364931312,0.0036173054323403973,0.003690372739288634,0.0033281462019017593,0.002985307887908654,0.00262126897797618,0.002039794796638718,0.001996759755027422,0.0019125581915273328,0.001949610486198312,0.0011632596022302989,0.001053294758678757,0.000969912224375668,0.000835419637668175,0.001182102265606633,0.0,0.0,0.0,0.0,0.0,0.0,0.0,0.0,0.0,0.0,0.0,0.0,0.0,0.0,0.0,0.0,0.0,0.0,0.0,0.0
0.8870985137084532,0.8211944734104596,0.775927041368197,0.7299315937514145,0.7121127293547239,0.0,0.0,0.0,0.0,0.0,0.0,0.0,0.0,0.0,0.0,0.0,0.0,0.0,0.0,0.0,0.0,0.0,0.005708937253468239,0.006165530586904339,0.007528588854087435,0.008772537812565269,0.007824154798995507,0.006752055107227192,0.007558892551035806,0.00723131375561163,0.007455902299303583,0.006546560389870886,0.005537881853660716,0.006492286730210057,0.0057164072834969305,0.006052100315874809,0.00630264588805313,0.00613093172158553,0.005754596960147049,0.006173254745083209,0.005571146038468339,0.005743864964895491,0.005023942278001766,0.005349684068224986,0.005192114023464928,0.004698866436906971,0.004437061673029713,0.004203251883583025,0.0044060961721340336,0.004261019561272292,0.003673338915063867,0.003783549048634355,0.0036607576629972037,0.0031840745509655252,0.0031752368620501623,0.002551256703319002,0.0021540344911159972,0.001960076886137874,0.0018281650444652562,0.001954500339950963,0.001150353565669469,0.001144307845439878,0.001093867308557933,0.000861463972268333,0.001199779526132999,0.0,0.0,0.0,0.0,0.0,0.0,0.0,0.0,0.0,0.0,0.0,0.0,0.0,0.0,0.0,0.0,0.0,0.0,0.0,0.0
0.8903517624341593,0.8224528681282987,0.7737291653683027,0.7393825980875393,0.7133651873032525,0.0,0.0,0.0,0.0,0.0,0.0,0.0,0.0,0.0,0.0,0.0,0.0,0.0,0.0,0.0,0.0,0.0,0.005570793196316362,0.006337134887207613,0.007501484567411177,0.008912547184824766,0.007722546155961189,0.00703797621815176,0.007540800862256053,0.00727079070499425,0.007359267436275776,0.006404921854052898,0.0055669172580555945,0.006342552689838954,0.005846074255209314,0.005640535184550721,0.006206858429607557,0.006235197175899601,0.006104135545905404,0.006073296782794185,0.005621130034731162,0.005902028657751241,0.005133826090646281,0.005141007589963378,0.005284309185005179,0.004886656494287771,0.0045539725233965265,0.004253906431198914,0.004356204953769165,0.00427912964975643,0.0038709987263087563,0.00382746855118187,0.0038110454182576515,0.0030386870359647555,0.003145986707328563,0.002612717462837237,0.002184996161331235,0.001878374134686469,0.0019288796346259092,0.001883416503228911,0.00112157837191435,0.001111788293604464,0.000953213461662875,0.00095481325457378,0.001252934566467752,0.0,0.0,0.0,0.0,0.0,0.0,0.0,0.0,0.0,0.0,0.0,0.0,0.0,0.0,0.0,0.0,0.0,0.0,0.0,0.0
0.0,0.0,0.0,0.0,0.0,1.0170987242298708,1.1311840988560924,1.1461987374842593,1.127936883065946,1.0685340497456925,1.0594958050936607,1.0571916072793988,0.22192195971831774,0.22166441713162882,0.22274819481363048,0.22035681155259254,0.2175755928045675,0.2127394020602392,0.0,0.0,0.0,0.0,0.009880349019040549,0.010464720079780674,0.011222250319298018,0.01260182087234971,0.012998134831486777,0.013820435356026546,0.011554000502454986,0.011891455810463594,0.01158797305938375,0.011490086778119907,0.010905383205719842,0.00977322773333851,0.009427358894891148,0.009646074749001053,0.010685077733678348,0.009296235690811413,0.009590115102336413,0.00884979998346164,0.008859728972109106,0.008498681204901791,0.008761109617493526,0.008024451434853629,0.008893526760842438,0.007108281193972518,0.007417100271883659,0.007264356850237851,0.007185449816417124,0.007468091986963209,0.006265448175171934,0.005741474611864894,0.005504075586586542,0.005450379463559429,0.00488654457133745,0.003911888640318673,0.0034731139914630812,0.003296115037786837,0.0033817332457738622,0.00346606929081889,0.0017676395552807251,0.0016720649860916049,0.001491649446949634,0.001705348769282305,0.0016191179438486709,0.0,0.0,0.0,0.0,0.0,0.0,0.0,0.0,0.0,0.0,0.0,0.0,0.0,0.0,0.0,0.0,0.0,0.0,0.0,0.0
0.0,0.0,0.0,0.0,0.0,1.1593688424243656,1.2902183179255424,1.3051063760922301,1.2853253014641155,1.216963744766128,1.2070198153107932,1.2055446659907392,0.2566082348846295,0.2560675641916054,0.2569605860779118,0.2542258441975417,0.2513547773299238,0.24542044193581422,0.0,0.0,0.0,0.0,0.011205569672425926,0.012043116726149874,0.01275043396551855,0.014421813349507508,0.014808416421329013,0.015615990855533236,0.013243965979398392,0.01353454263421344,0.0132872698636944,0.013014427818085287,0.012583738388628533,0.01115490187783769,0.010844295527319163,0.011095697495830626,0.012163761800404991,0.01063371545392023,0.010992342438667542,0.010035286391514573,0.010052173761797784,0.009662813078909073,0.009950994619356434,0.00919399686370557,0.010179832705749783,0.008197182438293408,0.00851729827427192,0.008319401666188775,0.008211692863055927,0.008502679509672187,0.007223804644959176,0.006529507991504512,0.006315457985810121,0.0062372707080980165,0.005552013084568188,0.004488314907173657,0.003916566262743995,0.0036837651115877433,0.003862811262455586,0.003941027526525334,0.001999190997897023,0.00188569633071813,0.001697421655375866,0.001986269425966259,0.0018597856240579911,0.0,0.0,0.0,0.0,0.0,0.0,0.0,0.0,0.0,0.0,0.0,0.0,0.0,0.0,0.0,0.0,0.0,0.0,0.0,0.0
0.0,0.0,0.0,0.0,0.0,1.2073407980646926,1.3413049550594687,1.3585348079227375,1.338328358908267,1.2675910958385934,1.2575627258028856,1.2550578611979055,0.259439615416225,0.25901257106995057,0.2603575993174117,0.2572255177702712,0.2542390333370862,0.24836494019569075,0.0,0.0,0.0,0.0,0.011633727504243012,0.012439263725295666,0.013252184070694674,0.015105166322064252,0.015360079231119735,0.016390600795408723,0.013738381584446126,0.014000215330765117,0.013692676583186812,0.01344285286663242,0.012989968487127142,0.0116042976475507,0.011159822580062269,0.011412410481569055,0.012580660505780354,0.011071450520937352,0.011377697105120562,0.010447335107774097,0.01043038301014117,0.010034035107486383,0.010328669474610593,0.009605461452458977,0.01049970191130819,0.008562863153280507,0.008802574724462687,0.008518387135140484,0.0085742810259466,0.008804813715393038,0.007559719559679385,0.006752076986287849,0.00642909635367589,0.006489302698492418,0.005792987818395247,0.004655897835549961,0.004106757961022753,0.003807177748221435,0.003992005444328236,0.004054564894101428,0.002048525232658569,0.001989334102110264,0.001749946695194047,0.002044930281758721,0.001891273492614884,0.0,0.0,0.0,0.0,0.0,0.0,0.0,0.0,0.0,0.0,0.0,0.0,0.0,0.0,0.0,0.0,0.0,0.0,0.0,0.0
0.0,0.0,0.0,0.0,0.0,1.2130339699794839,1.3486923324922957,1.3664095697042742,1.3446570990281386,1.2733510066601956,1.2622347791006143,1.2618518577490208,0.26494014255281795,0.2643446359015714,0.26566968321624834,0.26240168725982377,0.2597716866491994,0.2539480584605593,0.0,0.0,0.0,0.0,0.011674653446667464,0.01262527367211239,0.013369101459158076,0.015111236621268571,0.015428472009363741,0.016382811810666763,0.013725487750091865,0.014169038582717907,0.013813581306304633,0.013646134331631402,0.013138982123680434,0.011743877525657032,0.01126623089199701,0.011508835093560611,0.01276619786621818,0.011105458358002583,0.01150541406979657,0.010603554665838967,0.010487458977221129,0.00993777611802416,0.010392106273431631,0.009615422955806913,0.01059698559770023,0.008543485237735503,0.008931734371077903,0.008586671626572971,0.008497614743153697,0.008947119658587655,0.0075265163522268514,0.006817244711097135,0.006549219802716212,0.0065083173962532884,0.00581875607208966,0.004752673314778809,0.004121937914830862,0.003874016457244605,0.004046924369533878,0.00411170055384578,0.002054540793142089,0.002041863601832733,0.001787370511353105,0.0020098174648814147,0.0018963229352637642,0.0,0.0,0.0,0.0,0.0,0.0,0.0,0.0,0.0,0.0,0.0,0.0,0.0,0.0,0.0,0.0,0.0,0.0,0.0,0.0
0.0,0.0,0.0,0.0,0.0,1.1596326331919395,1.2886096206933373,1.3059943305189146,1.284967174665023,1.3891943451114508,1.373814615619828,1.3766444706642869,0.25175114551828404,0.2515196068659115,0.25290748664181195,0.24995985745118468,0.2471397754249166,0.24126375087725732,0.0,0.0,0.0,0.0,0.011780763442174852,0.012951737857595487,0.013572302630341735,0.015200129006512464,0.015602240354566893,0.016266285871758483,0.013851233938131318,0.013936214741853586,0.01386107900646269,0.013563007449972015,0.01308717687907751,0.012015655267259728,0.011569441872312304,0.011596178782666763,0.01241872930020384,0.011386592302434958,0.011494425780170962,0.010564148463795088,0.010904423526367923,0.010199646563776362,0.01017413743678768,0.009497841409648985,0.010608804076973585,0.008327692311289225,0.00911351227182578,0.008618874264098637,0.00866488813114498,0.008906234743765408,0.007819999037772307,0.006961745424027079,0.006500140462779257,0.006637561969187184,0.005777547997349583,0.004621466816691571,0.0040846271826033165,0.004091435148202388,0.004106301734210578,0.004040375872775095,0.001974404650441048,0.00195432599525023,0.0017008035143479942,0.002150013436332258,0.002037548423781808,0.0,0.0,0.0,0.0,0.0,0.0,0.0,0.0,0.0,0.0,0.0,0.0,0.0,0.0,0.0,0.0,0.0,0.0,0.0,0.0
0.0,0.0,0.0,0.0,0.0,1.1573673912938875,1.2864652726847332,1.3041624936347647,1.2821061337227986,1.3828276997911462,1.3673092798210054,1.369617824523697,0.2512116623323538,0.2511785079238625,0.25210698898316874,0.24958547656747443,0.24608754900562693,0.24043741155258608,0.0,0.0,0.0,0.0,0.011744365447738846,0.012683148231869886,0.0135054744968756,0.015177434635410368,0.015604772363631766,0.0161595696810348,0.01387365575739731,0.013932449389873048,0.01380770246042514,0.013513532841093119,0.013117709409682514,0.011906036348813516,0.01138175349997978,0.01141757660589702,0.012457197236565383,0.01140080665799929,0.011489800769975612,0.010565858096316964,0.010867398465982912,0.01021509951875436,0.010232563705904526,0.009559123636915474,0.010540129389044731,0.008346965646221187,0.009140285427214767,0.00859191760554878,0.0086576362287471,0.00891558633691287,0.007758955189196806,0.006905769958110562,0.0066063191614531445,0.006521057963166236,0.005711926758695234,0.004647006612077277,0.004121953120759866,0.004102761737752412,0.0040154446382797745,0.003967304089758023,0.001974014114712829,0.0019825758125967363,0.0016860461646321932,0.002177076567697605,0.001978748745508766,0.0,0.0,0.0,0.0,0.0,0.0,0.0,0.0,0.0,0.0,0.0,0.0,0.0,0.0,0.0,0.0,0.0,0.0,0.0,0.0
0.0,0.0,0.0,0.0,0.0,1.155488108355356,1.2856026124696036,1.302283599429591,1.282425012896446,1.3864413606769213,1.3703741965431648,1.3731259362793036,0.2521347340629345,0.2518231185240255,0.252724539528544,0.25038741275465026,0.2473838294233474,0.2412102325539873,0.0,0.0,0.0,0.0,0.011759181797217128,0.012800957092308309,0.01342941627141669,0.015343499883018355,0.015541990539531878,0.016256874058357355,0.013786784891788105,0.013843836196180447,0.013726473981736936,0.01349902978960952,0.012970976154437023,0.011883115842462738,0.011558500623698918,0.011532861658004975,0.012545765906341969,0.011375527981153889,0.011541197166026234,0.010640081080040623,0.01084054997958891,0.010228416310665617,0.010210509524714856,0.00948415704805865,0.010549675071645765,0.008387994819930333,0.009011635978836268,0.008617465788711878,0.00864196478959975,0.008987787462030139,0.007768911207079988,0.007005039563774609,0.00655393970232358,0.006526490240283966,0.005780162883104631,0.004673927442648646,0.004078140266746406,0.004177077933936425,0.004099971804000205,0.0040272577836508285,0.0019497850891347288,0.001958116723476963,0.001672768443559486,0.002133253518927874,0.0020123701079899623,0.0,0.0,0.0,0.0,0.0,0.0,0.0,0.0,0.0,0.0,0.0,0.0,0.0,0.0,0.0,0.0,0.0,0.0,0.0,0.0
0.0,0.0,0.0,0.0,0.0,0.24058421323080154,0.27142453567259545,0.267013480967671,0.26707082503926804,0.251481614743892,0.2493070984576864,0.2500850623293564,1.479069109795835,1.4810507672614124,1.4762764633132242,1.4762796747298559,1.454019313990638,1.4164063345809415,0.0,0.0,0.0,0.0,0.011154686611395593,0.012868757206420793,0.01323087753609554,0.01471410323860148,0.014768884228191613,0.015143651265978962,0.01358353472366606,0.014516143482688008,0.01304337156353467,0.012376766778645583,0.011916295251518041,0.011563473009601961,0.012095360542057298,0.011883640011194734,0.012516908420759582,0.01234314824741098,0.011773384434454734,0.010753438399279478,0.010756142748820391,0.01019698696483736,0.010272119448208246,0.009647120481206055,0.009961329837440904,0.008495930498410102,0.008644826041601456,0.008030748738645942,0.008438562196404745,0.008459194981730178,0.006958518812394835,0.006744616250268953,0.006288795111500978,0.00568727425855022,0.005990205789528092,0.004235150535239463,0.004039755353295333,0.004028366135213749,0.0037970637881514797,0.0038803537065078726,0.0022783586228758462,0.002116483945921667,0.001941931451916617,0.0020047360636280807,0.0017654242078157792,0.0,0.0,0.0,0.0,0.0,0.0,0.0,0.0,0.0,0.0,0.0,0.0,0.0,0.0,0.0,0.0,0.0,0.0,0.0,0.0
0.0,0.0,0.0,0.0,0.0,0.23944948486189074,0.2698883641990199,0.2656249196851037,0.26552184735725826,0.2503558286963509,0.2483867354885558,0.24888673363538835,1.475777966380621,1.4773708408234063,1.4723256621349665,1.4716374038874158,1.4498783135904416,1.411912545676528,0.0,0.0,0.0,0.0,0.01123903583391466,0.0127512226924118,0.013200458294959508,0.014616389135841885,0.01471156274965998,0.015194815626944885,0.013606900815235462,0.01452322243685049,0.013068339795864366,0.012294414481457143,0.011795502587648696,0.011550317009334432,0.012174688947741676,0.011825888117222039,0.012377781359974863,0.012218089199658558,0.01180316120152185,0.010723417478902113,0.010709947782222102,0.010177244497860642,0.010225085421857873,0.00957448266604683,0.009936888023032607,0.0084484130187569,0.008667994610836225,0.007991813898912733,0.0083294588375135,0.00840523649270746,0.006907645583133302,0.0066675817779019405,0.006328250822196639,0.005652719834138537,0.00594928275930875,0.004266012935239363,0.003997368754517922,0.004025703746093883,0.003774643378780393,0.003910707992458169,0.002318747739136962,0.002100273550309214,0.00192572460221953,0.001987454548009525,0.001779456342316443,0.0,0.0,0.0,0.0,0.0,0.0,0.0,0.0,0.0,0.0,0.0,0.0,0.0,0.0,0.0,0.0,0.0,0.0,0.0,0.0
0.0,0.0,0.0,0.0,0.0,0.24013764361642773,0.27028642413724063,0.26646879581520494,0.26631760992212195,0.2512324160100226,0.24880490427553048,0.24927670301076124,1.4680704598960255,1.4693728449953969,1.4635056481386108,1.4631754594066024,1.4416200292104773,1.404707059798448,0.0,0.0,0.0,0.0,0.011039683588710167,0.0127625783986365,0.01314002949332997,0.01470585739679546,0.01470285941067977,0.015048871749407628,0.013552415464118301,0.014376063015198871,0.013000954511296108,0.012278944162678388,0.011705524441763314,0.011447470408635052,0.012076741377840833,0.011776102266100711,0.012389458362477596,0.012129903954197618,0.011737208863301173,0.010630222998223157,0.010710942334241127,0.010190238753350097,0.010130186622360217,0.009564804838828597,0.009833822279940372,0.008459314779404958,0.008614927277567226,0.008012267736334953,0.008275451888788825,0.008427150908684697,0.006885739776910442,0.006710396487544589,0.00628029251143595,0.005620899971322986,0.00595633516648373,0.004201508722032216,0.004020577454967038,0.004004428873682237,0.003785668017794103,0.0038793816181990452,0.002288853235292085,0.002095299711529794,0.001908254309768912,0.001994446892587373,0.0017689802669205168,0.0,0.0,0.0,0.0,0.0,0.0,0.0,0.0,0.0,0.0,0.0,0.0,0.0,0.0,0.0,0.0,0.0,0.0,0.0,0.0
0.0,0.0,0.0,0.0,0.0,0.23396505436218,0.2633636788988155,0.25927975913656703,0.2590615582438976,0.24454721486692466,0.24258940245322289,0.24323453337495915,1.4458602171747947,1.446463265871466,1.4410361377400727,1.4429031739095064,1.420542731281457,1.3838881774682164,0.0,0.0,0.0,0.0,0.010908164121046842,0.01255276035571453,0.012896654626220807,0.01432694397858943,0.014451925193253912,0.014871982304314297,0.013335916357084412,0.014282846955109818,0.012630067397675028,0.012174883922459497,0.011594185690337377,0.01139096698992051,0.011869391649347414,0.011554169715028997,0.012143657373075208,0.011855964730902481,0.011523679698834773,0.01044909338569682,0.010553924579950576,0.009984134972888832,0.009942103766790902,0.009415598464917001,0.009644956699493801,0.00826855458372725,0.008491728621515413,0.00790183283832117,0.00817217528419567,0.008273352902787022,0.006783921342652601,0.0066045936361989925,0.006181838276641077,0.005522631211112204,0.005772829778423806,0.004119086221135627,0.003943892372910945,0.0039403919123549395,0.003719379338452771,0.0037743108817127,0.002247188394439338,0.002059317830703441,0.001894050409662236,0.0019391415900302952,0.0017492997072561078,0.0,0.0,0.0,0.0,0.0,0.0,0.0,0.0,0.0,0.0,0.0,0.0,0.0,0.0,0.0,0.0,0.0,0.0,0.0,0.0
0.0,0.0,0.0,0.0,0.0,0.22694452756246236,0.2558046001872983,0.2517571521799032,0.25194931885258376,0.23753090564843207,0.23497798737085396,0.23608536928474855,1.398984386011307,1.399984313387472,1.3948075685975716,1.3955304800928436,1.3733648502481939,1.3388467736160798,0.0,0.0,0.0,0.0,0.010627554120972237,0.012104924721502892,0.012590908185406922,0.013844841187721923,0.013907734692368966,0.014332809036130873,0.012914335919260243,0.01375147992777468,0.012294456763575153,0.011713091388648062,0.011222410559451943,0.010969542565348451,0.011439647143446061,0.011189618767815403,0.011727081479626365,0.011534397454421162,0.011190407254533859,0.010090540006841252,0.010204857545616796,0.009648300376713978,0.009638831488520058,0.009088150281360226,0.009440702623018092,0.008031976365069455,0.008213371695501391,0.00752461342355105,0.0079308499840598,0.00800801635778167,0.006638805157811246,0.006328381332630279,0.005968370349298952,0.005414407112553341,0.00566839504686156,0.003998506587605103,0.003813766560317735,0.0038572439281481493,0.00357115063546178,0.0036829706588906424,0.002174234007298892,0.002002833028768537,0.0017997364973781622,0.001894077419189459,0.001696650397081941,0.0,0.0,0.0,0.0,0.0,0.0,0.0,0.0,0.0,0.0,0.0,0.0,0.0,0.0,0.0,0.0,0.0,0.0,0.0,0.0
0.0,0.0,0.0,0.0,0.0,0.21437152258426653,0.24129124207728,0.23759620379613403,0.2379446202539582,0.22401606862081266,0.22179369784594882,0.22238378213710416,1.3165585303912701,1.3170705279761115,1.312982300909285,1.3133958579873721,1.2934227494982078,1.2602088407762915,0.0,0.0,0.0,0.0,0.00995136460400651,0.011417700703166729,0.011807912849611675,0.013076945353615983,0.013170711855352912,0.013480294667216364,0.01215665515398082,0.012988660634719616,0.011489687184455935,0.01104626461333428,0.010466416078769672,0.01030169376096595,0.010832960613750829,0.010569203791934193,0.011091966244792719,0.010945329056748505,0.010464211990341298,0.009638046442807727,0.009572497900702352,0.009108145762537947,0.009019179095124764,0.008553195601888875,0.008873111107421078,0.007541064148658705,0.007751365172671526,0.007142531652530393,0.007431330617277084,0.007587287662860206,0.006161486728171047,0.006034425650576904,0.005587752463836969,0.005072802558660872,0.005311475539951189,0.0038155304608032082,0.00356726161707139,0.003610033337858346,0.003392872472975832,0.0034672205536027223,0.002031992807652766,0.001915411916644135,0.001696272803507919,0.0017596073661537211,0.0015818269153550152,0.0,0.0,0.0,0.0,0.0,0.0,0.0,0.0,0.0,0.0,0.0,0.0,0.0,0.0,0.0,0.0,0.0,0.0,0.0,0.0
0.0,0.0,0.0,0.0,0.0,0.0,0.0,0.0,0.0,0.0,0.0,0.0,0.0,0.0,0.0,0.0,0.0,0.0,2.0577298581836008,1.7038534583022336,1.3881106888768444,1.0983299362294145,0.8224433719324901,0.6412799232288616,0.5066759253503692,0.003278219982023497,0.003130264642963948,0.0031296090454336544,0.0029975915066304338,0.002929479086676394,0.01589726405341102,0.01514590432902776,0.015063771824824667,0.013496300331591146,0.012981252028535286,0.01311420084471875,0.01307018248881112,0.014153610752564473,0.014085993570875527,0.01229638922851241,0.009855689518026465,0.010401673665833961,0.008917109668985729,0.009904657858887646,0.00947082754111153,0.008254792211923559,0.008615243167363945,0.007958880927251142,0.007616561339811397,0.008420189717817954,0.006531543868040975,0.006889872031792477,0.005458335292938704,0.005186164645526011,0.005182416618483769,0.004972184301919618,0.004170822419647926,0.003296362495053131,0.003184731129904149,0.003304149015239653,0.002001696787970817,0.002043122918678919,0.001737121841076454,0.0017162824671570409,0.0016389075496304351,0.0,0.0,0.0,0.0,0.0,0.0,0.0,0.0,0.0,0.0,0.0,0.0,0.0,0.0,0.0,0.0,0.0,0.0,0.0,0.0
0.0,0.0,0.0,0.0,0.0,0.0,0.0,0.0,0.0,0.0,0.0,0.0,0.0,0.0,0.0,0.0,0.0,0.0,1.6312912760226832,1.3513655173388983,1.1014002555465523,0.8721710849217678,0.6537642728020071,0.510624840020972,0.4039249196090349,0.005772267443584111,0.005489539466027085,0.005296522390137566,0.00539457638864928,0.004943776713370894,0.015326957151811389,0.014641892877935834,0.01426296384818329,0.013001816705855795,0.012673521314270013,0.012692872552770627,0.012802691398590065,0.013527385508465968,0.013383113801174447,0.01191166020282637,0.007873790490122844,0.008314956055501012,0.007128698549850311,0.007929430919354406,0.007559493336985604,0.006605658055956436,0.006883164915503681,0.006365275019247424,0.006088969988289406,0.006729266897571799,0.0051800968229625995,0.005516025025645582,0.0043829574989465445,0.0041613390937580205,0.004134500428360638,0.003987556436608493,0.0033330022475323144,0.002628325735501193,0.0025528978483895597,0.002643783801101485,0.001604158718815919,0.0016296953811057641,0.001397599892690848,0.001377528298115284,0.001313133152308565,0.0,0.0,0.0,0.0,0.0,0.0,0.0,0.0,0.0,0.0,0.0,0.0,0.0,0.0,0.0,0.0,0.0,0.0,0.0,0.0
0.0,0.0,0.0,0.0,0.0,0.0,0.0,0.0,0.0,0.0,0.0,0.0,0.0,0.0,0.0,0.0,0.0,0.0,1.2684134514567584,1.0511934351193881,0.8573601836124776,0.679598808066503,0.5102254489583822,0.3993629856936183,0.31660546697445646,0.007345149227692584,0.007115132420059448,0.00708401934659608,0.0070342520262777555,0.006719024242024954,0.014590731001533925,0.013626715611587351,0.013337383370736804,0.012185247332803264,0.011927758027337747,0.012163566598550583,0.012138983963588146,0.012569731840970716,0.01250490613190068,0.011325109865454793,0.006200034276198777,0.006567230612280323,0.005577784701547226,0.006202091019609094,0.005941025423191958,0.0051673407690398625,0.005410110393214759,0.005014335534514173,0.004814100014759021,0.005269004904286278,0.004089168744060154,0.004346150808055819,0.0034361336629938222,0.003258555025435962,0.0032516169595334177,0.003165557161503898,0.002605947925902517,0.002072841966970565,0.0020087430059978193,0.0020769246747126082,0.001287775254850763,0.001280525433309416,0.001098335871111066,0.00108940452388047,0.001034635120638735,0.0,0.0,0.0,0.0,0.0,0.0,0.0,0.0,0.0,0.0,0.0,0.0,0.0,0.0,0.0,0.0,0.0,0.0,0.0,0.0
0.0,0.0,0.0,0.0,0.0,0.0,0.0,0.0,0.0,0.0,0.0,0.0,0.0,0.0,0.0,0.0,0.0,0.0,0.9664363870232182,0.8015725993168319,0.6544196330718324,0.5190953005890032,0.39065341233102396,0.30657633591372097,0.24377935213273122,0.008740715562831342,0.008586982439483342,0.00845411539427548,0.008204667317600747,0.007741504759691794,0.013789500516757196,0.013054276683848098,0.012324574082568658,0.011710328438919447,0.011275991050977513,0.011529344606333413,0.011565628615616776,0.011891794625608841,0.011717894747688536,0.01097218688990872,0.004807536325447177,0.005052477630656463,0.004280357653075063,0.0048039014366674454,0.00458659080308548,0.004032856803885399,0.004162884395954746,0.003873253184336165,0.003733890379588054,0.004057738671339591,0.00314875351385511,0.003345581462993847,0.002654116962196861,0.002551511941279945,0.0025168185132448053,0.002458093116346917,0.0020134912823767353,0.001605759356080516,0.001549288008670423,0.001603003626194845,0.00100982410395265,0.000985920446495922,0.0008478770954280131,0.000854160126220842,0.0008026380101007099,0.0,0.0,0.0,0.0,0.0,0.0,0.0,0.0,0.0,0.0,0.0,0.0,0.0,0.0,0.0,0.0,0.0,0.0,0.0,0.0
0.006128765723292513,0.005568958448417322,0.00534889102264902,0.005046908184959333,0.00474314820515627,0.008166912382072164,0.009037144308771412,0.009129238365012332,0.008973078000768938,0.00897277924826736,0.008886754164731541,0.008893054242078062,0.008505035608564929,0.008599966158356951,0.008464400121133739,0.008492054225035352,0.008421886731126288,0.008162986727481643,0.7034157873412663,0.5840203983428449,0.47756389124922305,0.379714582822553,0.28681591246823895,0.22619383784853542,0.18069427889964815,0.01056981261128504,0.010363688209041287,0.010068925837392134,0.009944430608568982,0.009463611592823983,0.013660394212904048,0.01269818143345736,0.012217465293436354,0.011601190207766145,0.011293475459654213,0.011389221267966843,0.011585319373191178,0.01179237177455673,0.01151489212232107,0.010797685773449554,0.003675471317426559,0.003943745819242565,0.003324205842687429,0.003668768401319644,0.0035108885841316773,0.003114657809443292,0.003196342478799071,0.002979520349952853,0.002923275749021719,0.003095409930071858,0.002406896827392995,0.0026053422174585053,0.0020754476660736487,0.001984751946938152,0.001971134421959262,0.001888806252615828,0.0015293511524195659,0.001275221167464503,0.0012090183043271482,0.0012320955230013361,0.0007966950084235029,0.0007559664476963061,0.000660256403429651,0.000640799055771924,0.000610305342033702,0.0,0.0,0.0,0.0,0.0,0.0,0.0,0.0,0.0,0.0,0.0,0.0,0.0,0.0,0.0,0.0,0.0,0.0,0.0,0.0
0.006660461903479111,0.006137056445232467,0.005662456014443809,0.005283792257895536,0.005230554757515885,0.008385295453385158,0.009415455088356275,0.00946270885925769,0.00940683203485524,0.009562836639135975,0.009303488417496217,0.009384722207758493,0.009511751889730132,0.009458552095899892,0.00948600009871689,0.009473391298016477,0.009299151156400077,0.009079255749302458,0.5316904909275796,0.4421950879109075,0.3623617259703195,0.2888746464315067,0.21927338079831915,0.17362876013018905,0.13959466791254344,0.01182862593450535,0.01139467453713183,0.011244854400218754,0.010898544587333766,0.010482597572233703,0.013666572360749644,0.012733840676050481,0.011950934683484182,0.01123725717648482,0.011405011161546724,0.011475401239446941,0.01157066326651851,0.011544421324242625,0.01144145937269347,0.010764733796902884,0.002936057375139147,0.003136252123191012,0.0026080469550683522,0.0028965045175709577,0.002735262296493468,0.002433665215631496,0.002501870240590042,0.002352725253207546,0.002341757610793895,0.002444977367646415,0.00189413710715978,0.002084230102304763,0.001650320757245006,0.001570813531233765,0.00152121734919623,0.001516339501272638,0.001229589655133021,0.000999498145402659,0.0009399476297793609,0.000972391490888972,0.000640097557702267,0.0006030748106628071,0.000521303340013855,0.00053123348258771,0.000486463743713892,0.0,0.0,0.0,0.0,0.0,0.0,0.0,0.0,0.0,0.0,0.0,0.0,0.0,0.0,0.0,0.0,0.0,0.0,0.0,0.0
0.007732181473528898,0.006926610996420367,0.006926762621728776,0.006380119407875353,0.006122685766121078,0.008892229320338316,0.009857512482987371,0.00996892230657421,0.009850193379912333,0.00990950987589822,0.009796446004930348,0.009735899108360866,0.009670579616396335,0.009682818425750141,0.00965786189584391,0.009624612579424402,0.009564851243631768,0.009285059331671053,0.41541432441942705,0.34590160108430446,0.2840749034341868,0.22714734501452222,0.17321659390933386,0.13804121678554684,0.11151805213835246,0.012336746443715406,0.01186026822505978,0.011809725610018546,0.011514236841380622,0.010934112624990996,0.013596696286411279,0.01243430853370239,0.011855079264397257,0.011167405797692593,0.011115171964540217,0.011383740883564407,0.011453959917804684,0.011330052475201132,0.011113901027651906,0.010629787648066628,0.0023825855493566908,0.0025362358697333842,0.002137544268618353,0.002359735456208508,0.0022248466954208884,0.001977465742629888,0.002053821437402378,0.001920456087329899,0.0019551143892065238,0.001943812861690693,0.001560560141228522,0.001689260141553831,0.00135224077816275,0.001280726641148213,0.001274081726255345,0.001252987052842,0.000996636349211272,0.000811607763439228,0.0007636403199160049,0.000801393497933763,0.000549185507389113,0.00048723500363260104,0.000440010245885217,0.000438433268141036,0.000389035891905675,0.0,0.0,0.0,0.0,0.0,0.0,0.0,0.0,0.0,0.0,0.0,0.0,0.0,0.0,0.0,0.0,0.0,0.0,0.0,0.0
0.00858946209552492,0.008212966892904284,0.007588196741119022,0.007309728728523654,0.007152491947776119,0.00981803982362441,0.010962838710966429,0.01117241471712859,0.010947206954577068,0.010912058830053787,0.010824749575171799,0.010937149487618102,0.010574465844587764,0.01054177300239609,0.010627614335158065,0.01051285162151884,0.010341175921191739,0.01011063978343678,0.002642713459244831,0.0048602561076299365,0.006480012838917191,0.00800789774869686,0.00996261081141298,0.011500984859351035,0.012130017393864406,0.014534090999069802,0.014153941895159053,0.014092899839600015,0.013656210765566867,0.012707631842570944,0.01294003638499339,0.011704059642147258,0.01093091597116608,0.010663799471939895,0.01065590885139522,0.010672106212589934,0.010995144921615827,0.010509316986572894,0.010398917594609012,0.010197295653754553,0.000501140698206855,0.000535438560018208,0.000404658946244028,0.00043634601922741897,0.000412289473321656,0.000420666824867373,0.00034715762754148,0.000384109629455741,0.00046778994038707,0.000354965822299781,0.00027058492677540803,0.000352623885966849,0.000345498665371405,0.000299372486774102,0.000276446410424163,0.00026446993548764604,0.000164321047123051,0.00018545139890468099,0.000166905123100905,0.00017610944128771,0.00016210918708923401,9.324278902612101e-05,0.00010148277564345199,0.000115868159166424,7.038300011862e-05,0.0,0.0,0.0,0.0,0.0,0.0,0.0,0.0,0.0,0.0,0.0,0.0,0.0,0.0,0.0,0.0,0.0,0.0,0.0,0.0
0.008050517885285638,0.007280694144409652,0.007084660597498162,0.006559570233184325,0.006235596275000547,0.010189068119502336,0.011325925837052477,0.011430808085291904,0.011245743667424644,0.011269595537768974,0.011197958801728405,0.011146750870884488,0.010679090497775896,0.010675649648942888,0.010690774793024627,0.01066975919142245,0.010452021300403312,0.010245744421889929,0.002538954862312631,0.004650616867100589,0.006315680778443394,0.007915421511999162,0.009828384914923365,0.011147169364226496,0.011733220613324,0.014240962709944242,0.013762482273356469,0.013485768729213431,0.013339397786206547,0.012555046608424629,0.012607134178045525,0.011419060368986704,0.010404056044638054,0.010343253277796236,0.010266969547286908,0.010519172675371058,0.010639714922463144,0.0104178431728762,0.010057592484692403,0.010099447605283016,0.00046249572632998704,0.000553496886178173,0.00038690065331022,0.000400279149120865,0.000432729333920611,0.00039666312576520696,0.000352489879941647,0.000359865799244042,0.000491156942803079,0.000316867901609826,0.000276839092642658,0.00033347436520538004,0.00031484965720308803,0.000292431958497714,0.000283836863943157,0.00029628664951516397,0.000163820017216121,0.000203906966098437,0.000148491436668141,0.00015397988950717102,0.000167700033710972,8.0910839997491e-05,0.000100179494353484,9.862134751128101e-05,7.959916363115501e-05,0.0,0.0,0.0,0.0,0.0,0.0,0.0,0.0,0.0,0.0,0.0,0.0,0.0,0.0,0.0,0.0,0.0,0.0,0.0,0.0
0.007315851088254779,0.00657633941879593,0.006147591227290794,0.0057350903092711686,0.005757468917175059,0.010975933895791332,0.012100434683450534,0.01235790012729601,0.012098179851757034,0.0119035389387663,0.011748368224648476,0.01181258717487903,0.011093881215159212,0.011171134217515854,0.01108607081103697,0.011124080005954693,0.01091293413588213,0.01062429169946347,0.002571759444037735,0.00454602473053323,0.006370642769987754,0.007895287958090821,0.009674249656369262,0.011145071059303565,0.011836651569001539,0.014365761001108944,0.013662873215944477,0.013183249496345775,0.013468183462824133,0.012483333951358816,0.012447334809267673,0.011319410688700045,0.010411108335980995,0.010301932721495058,0.010322775524902197,0.010667791958137433,0.010642546522543648,0.010283205779607516,0.010216428482178934,0.009854516993627278,0.000505112104266231,0.000555077697326362,0.00040537403582353295,0.00041527426095179504,0.000393002924656958,0.00040002867903152006,0.000365637744163769,0.00038974145916699,0.000439995007764039,0.000354680849975823,0.000265758711832229,0.000324954135677143,0.000314424730153443,0.00029092883534106,0.00029135043880147097,0.00029792331210789,0.000146620574171414,0.00017286621879832902,0.00016597309066163,0.00015849751313315498,0.000171531562148877,7.7682097492979e-05,9.5279634132382e-05,0.00010864390313122501,8.2827597525974e-05,0.0,0.0,0.0,0.0,0.0,0.0,0.0,0.0,0.0,0.0,0.0,0.0,0.0,0.0,0.0,0.0,0.0,0.0,0.0,0.0
0.007988427534149859,0.007396508219488052,0.0069690507311718514,0.006659012473782284,0.006398065070746007,0.009516987843047013,0.010643803685545815,0.010743177631211102,0.010512518038877506,0.010512924229146263,0.010461309386670569,0.010390067247455623,0.010320793349930085,0.010375485497861176,0.010354706364200583,0.010345833390329172,0.010198344348722369,0.009937155170228971,0.002554818651970221,0.004802260361374742,0.006560981487189053,0.007947090385609241,0.009909721374882687,0.01120327210410163,0.01196937816392003,0.014437960725870067,0.014016833931476614,0.013968713091047372,0.013470477683278715,0.012778325962733178,0.012749450811683325,0.011776753425718352,0.010554746938478323,0.010420952735366886,0.010528603602836138,0.010770127107156831,0.010823933019935497,0.010535753145997367,0.010386901063114918,0.01028142280946011,0.000495252573628645,0.000550762020769114,0.000397309984787261,0.000415872813120254,0.00040922962676822103,0.000392202086020185,0.00037914020517337306,0.000377321906601241,0.000483075063946454,0.000324552135873511,0.000255992287433603,0.000347742462717475,0.00031909730144364805,0.000289646328899872,0.000290598095949637,0.00028808017257084105,0.000160435864846544,0.000170551235960392,0.000161900351146282,0.000146489832459355,0.000146642407147082,8.1272486614354e-05,0.00010436721470828099,0.00011018829878975801,9.1344662178077e-05,0.0,0.0,0.0,0.0,0.0,0.0,0.0,0.0,0.0,0.0,0.0,0.0,0.0,0.0,0.0,0.0,0.0,0.0,0.0,0.0
0.007852941795545581,0.007311819175152528,0.006936310519585874,0.006704112191330274,0.006492100520988551,0.010308003811373583,0.01144708204258337,0.01152137490742595,0.011420674714644048,0.011131464648275111,0.011055923316596095,0.010979541953378719,0.011607105958987134,0.01165425749334819,0.011559351238970719,0.011660839334625936,0.011428242414618463,0.011173384797697302,0.002627546691734111,0.004631478093803779,0.006595223349401582,0.007891234935664767,0.009924550398940394,0.011340121406321086,0.01196168563778799,0.014138804227990735,0.013883675208093823,0.013625434931329216,0.013447649280862294,0.012808464283014897,0.012663063399414603,0.011399821738417505,0.010666641616437262,0.010244571583129268,0.010420302228241507,0.010499974089432563,0.010887666614771724,0.01047938699371667,0.01027327826776776,0.010169944000778227,0.00047053737408227897,0.000543197885052781,0.000392794627528436,0.00043116084669060206,0.00041510735513862305,0.000410505565360107,0.000397661504067261,0.000385797324244458,0.000480169308939838,0.00032260545453151405,0.00026168852951010703,0.000350794503694474,0.000328074121909107,0.000301713875851486,0.000253785279035617,0.000298233708536148,0.000177585822837633,0.000216345760807666,0.000154183096584489,0.000157039857029426,0.000166454859437699,8.817173974973e-05,0.000102089521316937,0.00010315861144296401,9.3608361935802e-05,0.0,0.0,0.0,0.0,0.0,0.0,0.0,0.0,0.0,0.0,0.0,0.0,0.0,0.0,0.0,0.0,0.0,0.0,0.0,0.0
0.008784668164499528,0.008102462756438687,0.007568636508772465,0.0074092044626186656,0.00704345072697926,0.010766990353996045,0.012045761763181348,0.01207828427141166,0.011934520380651709,0.011867297332083703,0.011744546901903328,0.011669011416966175,0.011179177862018145,0.011240596063931907,0.01120510767593959,0.01105269027288214,0.010951828938995595,0.010594388476489098,0.015283743171641672,0.015390899878667517,0.01535138817565946,0.015066605833389587,0.015355517926611289,0.015847315298960756,0.015943715689768937,0.01543230710889432,0.014943412814910377,0.014562752201577054,0.014381732029426931,0.013573319882651607,0.013481002298076585,0.01244470867663455,0.011582277878836596,0.011256612236912125,0.011262588706601007,0.011454224212545548,0.011792200516801831,0.011088571736223359,0.011031079029570881,0.010981791196965386,0.000591660597932208,0.000681929654318591,0.00045825853466719904,0.000489452128603256,0.000509470244952669,0.000484540424405086,0.000444769774572228,0.000457138042144308,0.000544536928187735,0.000403428891523777,0.000328578495144571,0.000425345743346608,0.00035324094733461803,0.00033417242090428,0.000307944557365781,0.000320385299757446,0.00021712829867388098,0.00022027779894518302,0.000182667306025036,0.000175857372238618,0.000190122241886815,0.000108385989444271,0.000113602660231977,0.000118772977778301,9.4688258787745e-05,0.0,0.0,0.0,0.0,0.0,0.0,0.0,0.0,0.0,0.0,0.0,0.0,0.0,0.0,0.0,0.0,0.0,0.0,0.0,0.0
0.008281843782212518,0.007624999631265723,0.007382839962510271,0.006918032789963127,0.006518727055489425,0.0113529368553822,0.012546473092830614,0.012609748022218186,0.012537368498367852,0.012348347752208538,0.012223112658296183,0.012203255264225684,0.011280420099260703,0.011245398245945306,0.01125381797813096,0.011329877852682873,0.011095500723490128,0.01083131528830843,0.015484622388260608,0.01563519713641909,0.015246138528006681,0.015167631572145094,0.015178918582811486,0.015701949340221472,0.015505145662897983,0.014843282483282576,0.01439334895035656,0.014082798715773214,0.014126785904648564,0.012994016974375999,0.01323374618866204,0.012158311042274076,0.011112524622774315,0.01092342417461584,0.010900660471036687,0.01106256330805799,0.01133378691858817,0.010886997054636164,0.010630801590709749,0.010674079805197375,0.000619340940418151,0.0006158761709423121,0.000488481586957581,0.000531073885865362,0.000516580810774595,0.000463544748849238,0.000432489028272308,0.000467399796244346,0.000522796275863827,0.00037639930911835003,0.00032657836434902003,0.000367086892844847,0.000364768222673722,0.000342897336855129,0.000328735044967903,0.00033428981762068197,0.00020436553456095,0.000208714194122721,0.000172918359709725,0.000179188178385475,0.000171458832739103,0.00010587493165416299,0.00011413163199320401,0.00015286424647503098,9.759127806316e-05,0.0,0.0,0.0,0.0,0.0,0.0,0.0,0.0,0.0,0.0,0.0,0.0,0.0,0.0,0.0,0.0,0.0,0.0,0.0,0.0
0.0074927713907209795,0.007200631988049689,0.006667732453675853,0.0060723904357436465,0.00587909248086881,0.011180787881847828,0.012587886694724321,0.012643567288316278,0.012525787342392436,0.012363612559356968,0.012311684645338583,0.012167248126595295,0.011269532108135609,0.011195152237548628,0.011132079568478791,0.011195595885943715,0.011030827441243344,0.01064903647540254,0.01598032848200297,0.015803834802784463,0.015484096441145472,0.014858789870176744,0.015153989469774044,0.015291236193849547,0.015339289251530748,0.01438455880058435,0.013607574861354005,0.013440291381144697,0.01313748308844153,0.012615940640069467,0.01278022825577043,0.01153079629729827,0.01064941668150943,0.010335647309042377,0.01039896151345615,0.010520369148137093,0.01083994006075335,0.01023866037940828,0.010217010450785257,0.010204878197223885,0.00052512178152406,0.000608443780238735,0.000446448759986999,0.0005101070853831469,0.000492848110181938,0.00045136284952325704,0.000440594416117219,0.000426289138302027,0.000540681532557145,0.00039610501336145604,0.00029233517665618703,0.00044141689328728597,0.000356590980131316,0.00033639888853697003,0.000309463010311553,0.000318173070847457,0.00021498706261730601,0.000185441138469027,0.000187949406744617,0.00018268912502003102,0.00016288176299170302,9.8163045877323e-05,0.000123112418911258,9.9887701876599e-05,9.385239035561199e-05,0.0,0.0,0.0,0.0,0.0,0.0,0.0,0.0,0.0,0.0,0.0,0.0,0.0,0.0,0.0,0.0,0.0,0.0,0.0,0.0
0.008768821765290747,0.007905792723646497,0.007491832437297467,0.0073579196940552725,0.006923105652103676,0.010356448410456982,0.011533211298042,0.011674055040500222,0.01157167362171272,0.011732436835894783,0.011549628923248543,0.011521032047901229,0.011303014145419612,0.011330493019914194,0.011252170528947544,0.011368650242307175,0.01114427462524285,0.010833338279453165,0.014798171546862355,0.014890116279761226,0.014621466438620938,0.014592239441239413,0.01487269817674531,0.014860807006362128,0.014934628454896211,0.01450418431182546,0.013982233768531596,0.013745855617221482,0.01340642926495819,0.012523539349577955,0.01283789106656177,0.011715119207154994,0.010682650776218763,0.010414473963351836,0.010347274674592443,0.010613814284047477,0.01079824444900983,0.01058964613486194,0.01045046099078648,0.010036027128897134,0.000570293179315209,0.000621354588145508,0.000452915784806884,0.00046763711626419204,0.00047369492414851605,0.000486981944290212,0.000415419879796593,0.000440235906188085,0.000534950101329798,0.00038588949912619403,0.000334907890119831,0.000438424227897628,0.00036302398893776406,0.000313166883090971,0.00027568673729884,0.00030715478748785603,0.00019584651671424,0.000190097818385888,0.000169514865734557,0.000175723097541005,0.000166580253564585,0.000104663512286746,9.3796847463718e-05,0.000117112321139933,8.5702496516371e-05,0.0,0.0,0.0,0.0,0.0,0.0,0.0,0.0,0.0,0.0,0.0,0.0,0.0,0.0,0.0,0.0,0.0,0.0,0.0,0.0
0.00807127233852177,0.0072865653955364205,0.0071527921823750845,0.0065263198248084195,0.006428194965398801,0.01006353834150532,0.01129467336968318,0.011309619774433085,0.011182815180965854,0.011379967212280172,0.011122382847020528,0.01128886792469196,0.011910023980555812,0.012030969204963346,0.01195816052976303,0.011933411315744717,0.011707488888593975,0.011475950614507414,0.014338302634703046,0.014621071030435919,0.01441794088480445,0.014154529286468284,0.014584873513680862,0.015193772730099784,0.014974286856625697,0.014600229231853853,0.013981362970054888,0.013875140496775656,0.01364470992430989,0.012832209342668535,0.01293933754318086,0.011776834278710388,0.010827274771914426,0.010423505868182366,0.010618227656698747,0.010720141969981865,0.011002408453060605,0.010417896598154248,0.010481205171265212,0.01024005814181254,0.000519174664129779,0.000621454102062472,0.00045615653736443695,0.0005176633084721421,0.000459145124878286,0.000459757866428042,0.00042510710110173195,0.000421537147844883,0.000533394640986928,0.00037215565575006703,0.000296121010743698,0.000404479122977027,0.00034137123479711,0.000343692768486872,0.00031417175698850196,0.000324412364401552,0.000186242958001821,0.000191180110374827,0.00017870720001547698,0.000174735623139273,0.00017637247664183703,8.843245338336499e-05,9.2950578977466e-05,0.00011258402974700001,9.3884366508646e-05,0.0,0.0,0.0,0.0,0.0,0.0,0.0,0.0,0.0,0.0,0.0,0.0,0.0,0.0,0.0,0.0,0.0,0.0,0.0,0.0
0.008002175369438978,0.0075488151341915975,0.007238698901469043,0.0068669805309133775,0.006163956069517856,0.010233537776306069,0.011485276338988453,0.011494302100706929,0.01135320229561404,0.011335952410363904,0.011088609966361697,0.01119439128369873,0.011629413534827143,0.011614245881385833,0.011588592481349304,0.011544879421043121,0.01138101314606678,0.011127517543159571,0.014395856232268455,0.0145531268905725,0.014612343300682085,0.014383343035436607,0.014617853136738544,0.015193306537277875,0.015241561871565728,0.014532282295966512,0.01423650320415848,0.01425049508680002,0.0138716738897912,0.012850613367570839,0.013078381658177584,0.01187807407858412,0.010886159062598792,0.01062609834234179,0.010654057740156172,0.011027981867049449,0.011265082161890878,0.010995938411372823,0.010729442600465875,0.010502774838241125,0.000562926452215743,0.000644021097426469,0.000454947906581623,0.000501303928541829,0.0004929186554244751,0.000442009732595396,0.00043343862939258007,0.00042863802474778597,0.0004918313126404371,0.000411576149139568,0.000300991313181804,0.00040464766919220697,0.00036704817590684603,0.00032138142181187,0.000298471399123128,0.00033496280211517204,0.000191177816562054,0.00020434711312165501,0.000197798495907502,0.000163127650821625,0.000195309389695448,9.431708380425101e-05,0.00011615547975053399,0.000123122810324584,8.7316297086067e-05,0.0,0.0,0.0,0.0,0.0,0.0,0.0,0.0,0.0,0.0,0.0,0.0,0.0,0.0,0.0,0.0,0.0,0.0,0.0,0.0
0.00908647733753361,0.008106069585664268,0.007505305615918117,0.007187336077480167,0.006817048905189341,0.011393002892142026,0.012654357377420817,0.01273485527707342,0.012657091743962994,0.012201286353512066,0.012159308069014848,0.012238999801912107,0.012310926800386215,0.01221758600424887,0.012253687216852318,0.012195104097752695,0.011987839643075211,0.01173680536431254,0.014419913961557803,0.014753091006545213,0.014656376567955877,0.01450139586262493,0.014944552737256415,0.015396713298666827,0.015412939659937426,0.015047695428287586,0.014472284295973449,0.014288489502968871,0.01401130172032458,0.01339231918861403,0.01353220380350109,0.012230681346902599,0.011273426172572255,0.010865278156637653,0.01098974512832311,0.011321910336526665,0.011393345665505273,0.01103266876756191,0.010690712815863724,0.010558581917865023,0.000580448455550831,0.000638385627390091,0.0005141669802975159,0.000472984099485527,0.0004946691846473301,0.000476214551422547,0.000474134571505014,0.00043766039386934906,0.000512947667565123,0.00039251996197385997,0.000340592074391303,0.000413661167522554,0.000351758684467106,0.000346740629217542,0.00030798432900767,0.00030334714087139705,0.000221468146624683,0.000219176384420371,0.00017574752526477303,0.00018301017974722,0.00018079347732880002,0.00010917462372711299,0.00012132019944246299,0.000136474345779401,8.7060929634175e-05,0.0,0.0,0.0,0.0,0.0,0.0,0.0,0.0,0.0,0.0,0.0,0.0,0.0,0.0,0.0,0.0,0.0,0.0,0.0,0.0
0.008643991615780122,0.00778270556385208,0.007520825312607166,0.007049349093097024,0.0069048182945666125,0.00999413336165184,0.01115410468441523,0.011299847624930038,0.011101619481518972,0.011279756459051894,0.01122022573995773,0.011189168237064636,0.012240442331203773,0.012159714605267893,0.012096210192518895,0.012004674748884713,0.011888399405899822,0.011677440917459352,0.015744387067564876,0.015717124879424137,0.015301985375172853,0.0150336854267429,0.01533746436702104,0.015488859103650597,0.015372313514951485,0.014501770194690386,0.01428770259718807,0.01392024189496416,0.013751069225663316,0.012996737546472351,0.012830003583440771,0.011845712996299973,0.01073617728973508,0.010743520945059202,0.010491978503817181,0.01114282061481554,0.011123925518395299,0.010650733285663079,0.010665189002207153,0.010423364783510686,0.000549314929507288,0.000632745822069445,0.000485063203154908,0.000482200085237108,0.00048699388639328003,0.000489657818220452,0.00042915242713934497,0.00046293360661408,0.0005678479526713701,0.00038844985920454,0.000346698441566344,0.000418157768446033,0.00035503878973927003,0.00033132848995918703,0.00031460592342028504,0.000288571576990361,0.000187142896143217,0.000203385941015411,0.00017594774759676802,0.000190117485792619,0.000182384997715865,0.000111576175017776,0.00010378626541316601,0.00012056711210638499,0.000103817861055251,0.0,0.0,0.0,0.0,0.0,0.0,0.0,0.0,0.0,0.0,0.0,0.0,0.0,0.0,0.0,0.0,0.0,0.0,0.0,0.0
0.008289500551066994,0.007573872867289253,0.007044476895714643,0.006697922815907757,0.006842722368314287,0.010436731777120544,0.011671928507352535,0.01175506729828956,0.011642729054383056,0.011526459284495142,0.011446723709427084,0.01149158118180933,0.011818848902327853,0.011891074971875302,0.011848393900647052,0.011811562871595353,0.011675542133761568,0.011301291409350229,0.015861661759901013,0.01574052074745603,0.015410080030174151,0.01499582416397331,0.01516055031206497,0.015539297161215989,0.015264287072145524,0.014525709419158365,0.013963082670455148,0.013999742346358644,0.01372333184150553,0.012897638800041569,0.012920277797613823,0.011709053805338323,0.010845087563527736,0.010732559965268595,0.010685411710569413,0.011006334037017522,0.01091155997880877,0.010796208032790635,0.010425706340275136,0.010291255218409031,0.000564760979753453,0.000603584500906926,0.000466953863514775,0.000515947456320471,0.00046480943106079996,0.0004895168499969509,0.000458351608621564,0.000468509970204479,0.000543316720262113,0.00041196913932080905,0.00028919123686012,0.000386590369664107,0.000356849036264133,0.000294699314503223,0.000321312537559545,0.000328999381399766,0.00019743298994713703,0.000216661346632857,0.00017808071596163801,0.00018429663571883199,0.000177063388635581,0.00011529625669600499,0.000104441134273476,0.00013027675637319,9.3906858062668e-05,0.0,0.0,0.0,0.0,0.0,0.0,0.0,0.0,0.0,0.0,0.0,0.0,0.0,0.0,0.0,0.0,0.0,0.0,0.0,0.0
0.0087923507078343,0.007988919986261823,0.007291391607266542,0.007376115574472036,0.0069890402634688095,0.009886952444094998,0.010938818790396196,0.01108063284064758,0.011015197915981358,0.010875054035220795,0.010805920378233457,0.010875823572057212,0.0110817792384436,0.011090325177930866,0.011016035163694225,0.010994692447621112,0.010807714389921156,0.010685598362233067,0.014214352719605633,0.0143821067734299,0.014326996980163974,0.014414587885363253,0.014593990680904775,0.015008646578393292,0.01498728190337697,0.014622529758772719,0.014393724382861748,0.013862596230147546,0.013944889486945921,0.013107142088524575,0.013204298235494079,0.012069089888658067,0.01112001410493841,0.010580787424769589,0.010716938728041204,0.011060069881424333,0.011063029286745001,0.010831757101994913,0.010564687031786202,0.010410457013822202,0.000554833252794121,0.0006235573486461339,0.000463769380771088,0.00044504950595001397,0.000485148301520414,0.000449697828710501,0.000392815538096884,0.000440713145891305,0.0005461193247177711,0.00036356378543901506,0.00030469748654583003,0.00039830902526752403,0.000328397901296374,0.000337503058579064,0.00030815155841186503,0.000315817272402835,0.00020952010527581,0.00021099802811477597,0.000184771763491525,0.00016893022082944002,0.000175332658215876,0.000111465529858522,0.000105090804298501,0.000121032102448929,8.4476872534166e-05,0.0,0.0,0.0,0.0,0.0,0.0,0.0,0.0,0.0,0.0,0.0,0.0,0.0,0.0,0.0,0.0,0.0,0.0,0.0,0.0
0.008440160858462564,0.007818214003093795,0.007311742965211251,0.006812071660292157,0.00661969257986057,0.010129093441546989,0.011212999299861408,0.011320886767772008,0.011148905929743023,0.011487374761113764,0.01137375140688769,0.011339389765832583,0.011343311302295097,0.011334949001773943,0.011358782155347103,0.011364219462954694,0.011185297718375873,0.010860661109911459,0.011658901968277865,0.009728709112590692,0.008026532840228168,0.0064632768553935195,0.005083672547014943,0.004189130845330102,0.0034376997449661654,0.0007353910286423819,0.00067453491890386,0.0007271402044510591,0.0006874003510160291,0.000620589925861906,0.0007280076482485661,0.0007166300521579361,0.000585569834937388,0.000615283814803203,0.000556036072099956,0.0006066338271117531,0.000622376633713086,0.0005841623049398709,0.000593299689872533,0.00056778463095949,0.00023998733238200703,0.000224074322239033,0.000229826469411035,0.0002247415760576,0.00025474087516614104,0.00018472360945091898,0.000188985440302428,0.00017948836484907302,0.000173075402239677,0.000187326561571401,0.000165041273801754,0.000159862769832591,0.00016655916428473001,0.000124475562874621,0.000133039149814102,0.000116394493872412,8.2453796777436e-05,9.8196438774686e-05,8.077393672341e-05,8.6565978506294e-05,4.4817977127070006e-05,3.9064167390276e-05,3.5760978483216e-05,4.7512696580062005e-05,3.3755964957302e-05,0.0,0.0,0.0,0.0,0.0,0.0,0.0,0.0,0.0,0.0,0.0,0.0,0.0,0.0,0.0,0.0,0.0,0.0,0.0,0.0
0.009114714322507234,0.008240234160685743,0.007458975291345403,0.007254117072418517,0.007178954106723742,0.010035692679982354,0.011132970550539223,0.011248677881973231,0.010911811588647579,0.011098106175659131,0.011042474790643941,0.011050767389462717,0.011107103829744,0.011125206969292822,0.011161797078319062,0.011104058554090314,0.010922878209379101,0.010673494455933562,0.012709238669196888,0.010611505312242855,0.00878136112571356,0.007015849404495099,0.005634029555207578,0.004621851949176637,0.003779677565716157,0.0008115475512763921,0.000833791702292353,0.000825334185530001,0.00078957368767592,0.0007399703889692241,0.000866659584542108,0.0007360448904983089,0.000700784993723423,0.000692408669667603,0.000687454895707496,0.000716837531223688,0.0007069983398820931,0.000695003652225988,0.000654927447197065,0.00065908773008232,0.000231439650831914,0.00024226489203103602,0.000235457249063407,0.00020380050611006802,0.000218713118856785,0.00021488188384985,0.00020777329915535198,0.000190323515311433,0.000196084933083333,0.000187778141309647,0.000155179853871266,0.000157874630247607,0.000138992612101721,0.000144769310347578,0.000144400723801313,0.000102213518265362,9.8232008195727e-05,0.00010505640063487801,9.100563563975799e-05,8.0564611399853e-05,5.3037678032052006e-05,4.8406998163202e-05,4.6576561812206995e-05,4.7239268764030006e-05,4.7838508985155006e-05,0.0,0.0,0.0,0.0,0.0,0.0,0.0,0.0,0.0,0.0,0.0,0.0,0.0,0.0,0.0,0.0,0.0,0.0,0.0,0.0
0.007687598482404624,0.007314771319020263,0.007039392748690449,0.006437522206562077,0.006335702497536818,0.010496601008620706,0.011632357297804563,0.011748001799639994,0.011577238749636511,0.011231948737896796,0.011222820889154602,0.011192451376811467,0.01135227201194553,0.011340666944549986,0.011257992881621347,0.011218721102868649,0.01107144797317221,0.010723521520851334,0.01105437464536867,0.00923041118570781,0.007567197648039974,0.006030449402759334,0.004818278217198747,0.003899547616201636,0.0032320196345992803,0.000622281993264988,0.000591337757639286,0.000611541233669527,0.000577898972287749,0.000542894660267064,0.00059089904774208,0.000592315175071907,0.000521710669844952,0.000512075743820522,0.000511967996375675,0.000513778672279376,0.000577741063340588,0.0005405674497657069,0.000514070693009888,0.000497350612555951,0.000240846023177151,0.000238894321064329,0.000198425298480619,0.000218008964636113,0.000225810762066421,0.000185430234952081,0.000205072997123673,0.000173928990405233,0.000192858959437816,0.000187950234219496,0.000149972594826299,0.000173516018297188,0.000137919898511122,0.00011813275415389,0.000121339643374075,9.379676183395e-05,9.1085680339409e-05,7.7604560647432e-05,9.8145092874437e-05,8.741284855398899e-05,4.7155102368464994e-05,4.7551707982778996e-05,3.749417500213e-05,3.9925520265071e-05,3.3973841422066e-05,0.0,0.0,0.0,0.0,0.0,0.0,0.0,0.0,0.0,0.0,0.0,0.0,0.0,0.0,0.0,0.0,0.0,0.0,0.0,0.0
0.007795987078965436,0.007486086068973267,0.007145854409878408,0.007063767288497339,0.006537866035581076,0.009906929607285614,0.011074898185649102,0.011258278999046058,0.011038344694131133,0.01080479609487042,0.010803632495748625,0.010712989702233581,0.010986379058536364,0.010942614952020431,0.0109535220197242,0.010948311324832713,0.010756963245763279,0.010479316803284056,0.01265271420394207,0.01058003164546879,0.008670529400461046,0.006974255545723586,0.005479720544634924,0.004462797497073797,0.003676684293434033,0.000691453939279957,0.000630424763250191,0.000645563517592973,0.00062332869746735,0.000614077939996353,0.0006503499311963151,0.000663580716762789,0.0006142619339503851,0.000544828566532635,0.0005987016334470709,0.000583377477371906,0.000547658387879715,0.0005537490480510381,0.000585313440984846,0.000491816457648803,0.000242692863212772,0.000213075328887862,0.000224651075149515,0.000235460653940904,0.000231033042660497,0.000183619229228638,0.000187292590015888,0.000171282333837216,0.00018228887289408602,0.00019589957494057302,0.00015424765500002602,0.000158923172040738,0.00014773475336901402,0.00013413854775034701,0.000131483574663812,0.000116470663035489,8.359018124873499e-05,8.2860046278926e-05,7.6202271980604e-05,7.274354009713701e-05,5.1184141095465e-05,4.0244652406119e-05,4.3460362878723e-05,4.0949056599353e-05,4.1627333296017e-05,0.0,0.0,0.0,0.0,0.0,0.0,0.0,0.0,0.0,0.0,0.0,0.0,0.0,0.0,0.0,0.0,0.0,0.0,0.0,0.0
0.008292992824244002,0.00777201633713482,0.007277690109722886,0.006933961478876915,0.0067968071508762665,0.011105207952332956,0.012402378666800716,0.012446856943914219,0.012304015182359348,0.012206384489889989,0.012048323529672268,0.012052579068503239,0.011473691074608631,0.01148643214110843,0.011390137921169484,0.011343013430396781,0.011301795837163146,0.010995359680984973,0.012236609581321944,0.010201560051388251,0.00840035898034284,0.006734769231240624,0.005303763089741046,0.004262465773756456,0.003506081988940223,0.000660789964030448,0.000689311600471984,0.000617914949865577,0.000620372608892197,0.000597961969484222,0.000684675293558536,0.000652838916198798,0.000600252942177007,0.000558185541471047,0.000537083724346841,0.000580166649839609,0.00057930464989915,0.000565637473891077,0.000533318818087685,0.000542248306665793,0.000278228218363802,0.000231276602046014,0.000235346498086672,0.000233670050675789,0.00021902773169194401,0.000192117840399884,0.00020384347378765998,0.00018380771124912,0.000177930835997572,0.00020542241010512198,0.00017880756989010297,0.000157099645941735,0.000146872030753385,0.000138920997876822,0.000143517192518805,0.000104548598664748,0.000107056452302079,9.0215036184091e-05,9.647292970861e-05,9.5505231228414e-05,5.0660236155823e-05,4.6138598790781e-05,3.4587150826984e-05,4.6293073324519e-05,4.8426950154729994e-05,0.0,0.0,0.0,0.0,0.0,0.0,0.0,0.0,0.0,0.0,0.0,0.0,0.0,0.0,0.0,0.0,0.0,0.0,0.0,0.0
0.00817959377884509,0.007565246041473351,0.007483162855264362,0.006489737011023546,0.006500179249897885,0.009179395304053149,0.010328226204431905,0.010497805596702459,0.01025879571366342,0.009909279573363829,0.009867476456764612,0.009910506558756426,0.01012030443316044,0.010099658437792267,0.01013301317764272,0.010056678252714583,0.00994402839503209,0.009664134155810106,0.011030015307638768,0.009219063033785101,0.007556145839687159,0.006124100638126129,0.004866023512478716,0.0039221080558657,0.003222758328365352,0.000697262404958,0.000653458294647753,0.000650460370966441,0.000614882651721114,0.000611545786850565,0.000673430282292033,0.000605837602619648,0.0005685174592928881,0.000593457339293539,0.000556183341780066,0.0005380295530541191,0.000576755325641264,0.000588171737308204,0.00058086661480918,0.000519805982953187,0.00020865160910319601,0.00023499220755842303,0.00019986670221685998,0.000192063088851963,0.00019868472983449302,0.000182111276216702,0.000157653401740492,0.00019178328240778702,0.00016479090638301202,0.00018027088693868098,0.000141361329597572,0.00014867732933403,0.000130597363551116,0.000133242684125656,0.000115622021527103,0.000103585981483145,9.369734589237401e-05,7.0111988605134e-05,8.2905182842342e-05,7.4557014824775e-05,3.3585525958900996e-05,4.0351944727745e-05,3.8232605893125e-05,5.3922181753489e-05,3.5068513920503e-05,0.0,0.0,0.0,0.0,0.0,0.0,0.0,0.0,0.0,0.0,0.0,0.0,0.0,0.0,0.0,0.0,0.0,0.0,0.0,0.0
0.007482231974596127,0.006946079784316876,0.006501338787015184,0.006288453761205483,0.006216104928078122,0.00982874421176597,0.011012284073248403,0.011073977898816721,0.011005544049749431,0.011128012450787967,0.011087959730453158,0.010925862968543571,0.010567038597637697,0.010633214906155401,0.010589353507915846,0.010598282071837824,0.010434600361292696,0.010193490479450047,0.011812774641943498,0.009857647412200238,0.008118088193777219,0.0064869160452638575,0.005124264974912335,0.004137499081436469,0.0034347557782917195,0.0005904717264431371,0.000595877665111652,0.000610091739290551,0.000609953307936784,0.000607908042868945,0.0006343256914316701,0.000580034817282487,0.000569470713257341,0.000519491362427688,0.000527717598517424,0.000541397595927664,0.000589257317040721,0.000528977794273628,0.000558112744711466,0.00046593308602379,0.00021904941036904102,0.00023316201698567402,0.00022682075208016003,0.00020102994501690802,0.000216325648916398,0.000161777364269248,0.000198769703673541,0.000164160848899733,0.000176554187312244,0.000188121047287901,0.00015173585354947598,0.000148312115125083,0.000143705320167507,0.000142852341391795,0.00012060945108270801,0.000109790541965776,8.5590764554617e-05,8.9407574229442e-05,7.187043744395201e-05,7.8505120243606e-05,4.91520535667e-05,4.6454217863571e-05,4.2241252763969e-05,3.4242660200546e-05,4.298535901863e-05,0.0,0.0,0.0,0.0,0.0,0.0,0.0,0.0,0.0,0.0,0.0,0.0,0.0,0.0,0.0,0.0,0.0,0.0,0.0,0.0
0.007569058859958701,0.0068086221680076185,0.006545196983614443,0.006175869881482868,0.006019773879164542,0.009979881099160237,0.011151465798471398,0.01111003993305036,0.010968945708402487,0.010910550898852065,0.010805535641048981,0.010831684245190206,0.010176944072589168,0.01016378887858647,0.010210278742805287,0.010224251406448535,0.009910666239007961,0.009737808113336324,0.011313596888162402,0.009450756904197805,0.0078005521382527206,0.006257258942407066,0.004952094718288991,0.004033747019780303,0.003329675233052826,0.000677316888528553,0.000630689126130434,0.00067419425115,0.000629322247271298,0.000611431577393294,0.000675909754141979,0.000649877950403171,0.000571216819536321,0.00057074331170066,0.000542504549983515,0.0005550648395628069,0.000563903671536534,0.000591573746500072,0.000591434060546063,0.000541944997913886,0.000215682226043228,0.000221424071759485,0.000199439234206996,0.000190597431921596,0.00020222704931274998,0.000204027858487411,0.00017018994723643502,0.000176360203299623,0.000178162908488817,0.000190999526894897,0.000152474996220232,0.00013812284831119602,0.00012157613465367301,0.00012290205279944901,0.000117322749092801,0.00010401728229685099,8.255854228208999e-05,8.2599424584789e-05,8.0946523051863e-05,9.4595663492008e-05,5.5423446912589e-05,4.7345236955156005e-05,3.4218299277764006e-05,4.6516992371248e-05,4.1914650662507e-05,0.0,0.0,0.0,0.0,0.0,0.0,0.0,0.0,0.0,0.0,0.0,0.0,0.0,0.0,0.0,0.0,0.0,0.0,0.0,0.0
0.007593730983653829,0.007216075564868002,0.0069005390877661206,0.006585597749899742,0.006270888181299294,0.010041779126223888,0.011196984274449926,0.011375865980502393,0.011042453437497567,0.011158031976685336,0.0110760278097844,0.011049876470768863,0.010878231890335908,0.010775949973156264,0.010727595034164358,0.010756472273140378,0.010625928755604211,0.010306332016536248,0.011013773583317758,0.009196482740207589,0.0076182561024413205,0.006136183121237835,0.0049424339888131325,0.00408420836866427,0.003448245464336715,0.00083910458670815,0.0008756359092316569,0.0007742562042828549,0.0008196042308947151,0.0007741258281996821,0.00081902506713909,0.000739442273991743,0.00073699876959156,0.00070550021548181,0.0006983042532389351,0.0006478846712578521,0.000672309490270334,0.000738160418768318,0.00069770056043646,0.000683148719409485,0.00021156406973258198,0.000232062578480033,0.00022496085196685098,0.000206344614995015,0.000199138505771821,0.000178336596177789,0.000186196212915937,0.000181236556046546,0.000186662612906931,0.000183378277364716,0.0001627079827779,0.000161940140566092,0.000125325603158868,0.000126859555919873,0.00011780403831798001,0.00010520536499322501,8.1470364905615e-05,9.744877153889501e-05,8.2107569527319e-05,8.279803755454e-05,5.411181853329e-05,4.4158877868917e-05,3.7246067743507e-05,3.8440994843622e-05,3.2498864582345e-05,0.0,0.0,0.0,0.0,0.0,0.0,0.0,0.0,0.0,0.0,0.0,0.0,0.0,0.0,0.0,0.0,0.0,0.0,0.0,0.0
0.008214891491060724,0.007537981842771947,0.0071645078365506175,0.00656471343940797,0.006349466181155055,0.010757896949790374,0.011950475824444338,0.012041149333007333,0.011984303581598578,0.011821696256110924,0.011756975974425396,0.011845645772676163,0.011240351937031245,0.01120855777514599,0.011260364285712374,0.011224700341228263,0.011059439913686409,0.010846387423686661,0.012550473012041848,0.010476270355507314,0.00859468728250386,0.006873561758462056,0.005394488634833334,0.00439543448328747,0.003533795962082827,0.00065631566955542,0.000582294302751007,0.00064333281280772,0.000567590424746247,0.000536105031376628,0.000625457595636482,0.000548758960991192,0.0005565402554079831,0.000524575320240993,0.000502205748843736,0.000558846771817117,0.000530296728219202,0.0005204927387916761,0.000545307791143416,0.000468780294839388,0.00023602985622227202,0.000229069328241159,0.000225980527095519,0.000228574348548343,0.000236980636841025,0.000201091560078038,0.00020449901777538798,0.000200272728964343,0.00018902049922409498,0.00021270735929284802,0.000165792056552878,0.00016049245226346502,0.000144873934233042,0.000131888139542698,0.000119198650114313,0.00010513036329564299,9.063995631243e-05,8.6870064246112e-05,7.737630078829e-05,9.181142001976e-05,4.6549940039001e-05,4.6411354008992e-05,3.8657343978337004e-05,4.8465239677554e-05,4.3386275162076e-05,0.0,0.0,0.0,0.0,0.0,0.0,0.0,0.0,0.0,0.0,0.0,0.0,0.0,0.0,0.0,0.0,0.0,0.0,0.0,0.0
0.007283114641195204,0.007062419025304223,0.0064312648624062375,0.005814153493329041,0.005901033033375915,0.009272420345846449,0.010430824269382664,0.010621276221709384,0.010357306151879651,0.010663888766354579,0.010511681957995735,0.010519360856410575,0.00949928521537849,0.00946352844972514,0.009452474698679481,0.009455777790698526,0.00941935906682668,0.00904914043645395,0.010001780364872157,0.008285144153826274,0.006852669037666129,0.005479736537265172,0.004309360568292501,0.003498336874933999,0.0029146793025567348,0.0005139881210773889,0.000522654818015547,0.000495232023935677,0.00045993950952957,0.000446772169301185,0.000523351240983382,0.000489151584982697,0.000421978737970671,0.000467728163459116,0.00041053437499396703,0.00041987474864621304,0.000472731982386643,0.000477259788336562,0.00039326508941097,0.000403627595659428,0.000213640406244286,0.000194482484004298,0.00018525216821920902,0.000184899533417739,0.000211921095758127,0.000162002649469507,0.00016945925726597,0.00016425227873585301,0.000172303113811017,0.000170328360740398,0.000153483585761443,0.000130901793707489,0.00012319562036198201,0.000103717010615386,0.000113471729979937,9.523467846424699e-05,8.5450509200532e-05,6.6841875188634e-05,7.7630100274559e-05,7.305201220265199e-05,5.000293178423201e-05,4.1761334436598e-05,3.4983705827679e-05,3.6813222460791e-05,4.119981339005e-05,0.0,0.0,0.0,0.0,0.0,0.0,0.0,0.0,0.0,0.0,0.0,0.0,0.0,0.0,0.0,0.0,0.0,0.0,0.0,0.0
0.007298096434193608,0.006980843840474512,0.006238629268217108,0.006227460292385059,0.006067401767978264,0.008835894533010041,0.00980435886715803,0.009864941391010944,0.009755460917055973,0.009872181931066112,0.009728977105605793,0.009863382914273692,0.009574530167629406,0.009498991560375421,0.00957919919904356,0.009573013276665853,0.009337060569361679,0.009216029518373917,0.01097131606299715,0.009174333537837517,0.0075738312075776144,0.006054506193753038,0.004850720390451019,0.004002966772611051,0.003280899347119359,0.0006965420094751931,0.0006546905934548561,0.00062969375235522,0.000649707182132708,0.000622788107212334,0.000704502142933526,0.000571756405654287,0.000662589496600682,0.0006367204418169349,0.000583126153841945,0.000586987622696055,0.000597050829950715,0.000598589686346344,0.000546685308823472,0.000548678865291123,0.000215191080946765,0.000205751782408536,0.00022288306572336702,0.00019810278236063,0.00019361972622419001,0.000177183123201651,0.00017224230176628998,0.000154726393671458,0.00017833019420250302,0.000171460452845003,0.000136123059916053,0.00011735085574172801,0.000135035300981931,0.000107851122233029,9.2471518324962e-05,8.9025520607366e-05,7.8492450106091e-05,6.4977109855889e-05,7.404164706050001e-05,7.6382332769575e-05,3.3588128605003e-05,3.9247032764093e-05,3.6402005975216e-05,3.8512732622847e-05,3.2822335933842e-05,0.0,0.0,0.0,0.0,0.0,0.0,0.0,0.0,0.0,0.0,0.0,0.0,0.0,0.0,0.0,0.0,0.0,0.0,0.0,0.0
0.007565858813115841,0.00689778722071313,0.0065963967915298885,0.0062447509010251185,0.006261347217204492,0.008778978885857026,0.009828248580772097,0.00973508166659609,0.009713170597016678,0.009553231329080978,0.00964599796532276,0.009564235980784647,0.009252523855186172,0.00934383962086834,0.009291662690327291,0.00928651445931536,0.00912653324087162,0.008844588167341402,0.009008247734678669,0.007555237084423763,0.006206023558812196,0.00497805529906207,0.004004845733578914,0.003285013992253525,0.002721967535214452,0.000707317660760515,0.0006406331560104001,0.000631475569377219,0.00061789632774492,0.000603659508998672,0.000606378520176219,0.000588832399897238,0.00055475150794742,0.000546414370073838,0.0005100654105726551,0.000551832800757217,0.0005261916134427121,0.000526741341239911,0.000523002109709128,0.000468846845291454,0.00023236890276828902,0.000187739439519562,0.000183610269857028,0.000190861600982451,0.000187605702742976,0.000161303782509338,0.00017296912128447699,0.00014114963179842,0.000143035129842815,0.00016041026196009502,0.000132774267695566,0.00013995224107734802,0.000107298403686565,0.000100118776744763,0.000117765301098704,9.033487418067e-05,7.7328959639442e-05,6.459458180258999e-05,6.9261085660991e-05,6.998101766959801e-05,3.5518596437408e-05,4.2525053707660996e-05,4.3056386778657004e-05,3.4965943917191e-05,2.5417482344478e-05,0.0,0.0,0.0,0.0,0.0,0.0,0.0,0.0,0.0,0.0,0.0,0.0,0.0,0.0,0.0,0.0,0.0,0.0,0.0,0.0
0.0067150151060690255,0.006255388026765983,0.006239434979226246,0.005696835718069748,0.005236196851907308,0.009117855046502055,0.010180572581184431,0.010306092261833488,0.010123868687480561,0.010231574487936131,0.009986470054897029,0.009989272565640073,0.008776134460985584,0.008753978613181635,0.008722194142417532,0.008701366709091643,0.00868375000683449,0.008421602618708994,0.0089770313204334,0.007523506024990123,0.006172694149423032,0.005019305077532424,0.004016858843795917,0.003279441016883164,0.002703906596141667,0.000642815502146363,0.0006240758096157689,0.000612820032564712,0.000588256642737456,0.000582266338569622,0.000601658008490812,0.000580557369829059,0.0005488946767010631,0.000494389167584823,0.000538611564208333,0.0005067707472210179,0.000544014099103839,0.0005155688985717831,0.000453006430658481,0.0005053760619933479,0.000182137722573709,0.00020509101510993201,0.000164947864814418,0.00018175895621028602,0.000186114906750647,0.000172607572016593,0.00018033890336238,0.00014965694785834102,0.000151856164603514,0.000153163035474918,0.000117239772138391,0.000117236687187025,0.000105007873478144,0.000104653540581142,0.000106596927211474,8.5556123613198e-05,8.170178011468201e-05,7.2265442715627e-05,7.122485115491201e-05,6.2823956306475e-05,3.9819329079186995e-05,4.0726241543148e-05,2.9834220649086e-05,2.8436041691967e-05,3.8143937539435e-05,0.0,0.0,0.0,0.0,0.0,0.0,0.0,0.0,0.0,0.0,0.0,0.0,0.0,0.0,0.0,0.0,0.0,0.0,0.0,0.0
0.006869233665696843,0.006479846459951641,0.005938123125454135,0.006027591316028548,0.0057518039959102525,0.008673312836028848,0.009614911575768038,0.009761483203341989,0.009603402540160556,0.009449191407920159,0.009280978707546763,0.00938666783964178,0.00980749379265817,0.009775294124962674,0.009806549455951018,0.00965044596504431,0.009645699263734884,0.009355762192471773,0.009517786666022853,0.00793099015152836,0.006535311343721454,0.005253093012785408,0.004232663846200539,0.003369641226582365,0.0028539721518777562,0.000629799939513374,0.0006426855247548331,0.0006511470305844001,0.000626193822140579,0.000519648920685076,0.000588259341353068,0.0005905330898281919,0.0005357478233011101,0.000461770508698212,0.0005223837067353031,0.000499356484739133,0.0005126857473068731,0.000519412058273549,0.0005240468515443841,0.00048957420250914,0.000206543944442024,0.000217048456580459,0.000179761335432175,0.000189030083138029,0.000204001987058625,0.000158918417505148,0.000161547635193469,0.000151578351814946,0.000149618956335051,0.000146871240404364,0.000136091140504949,0.000106650786034149,0.000131051162694102,0.000113099813419467,0.000122649965101853,9.5284498559964e-05,7.283321131338e-05,6.4751493367421e-05,7.0023883380584e-05,6.5635350004938e-05,4.4493300489351e-05,3.9410113164821e-05,2.3461830172949e-05,3.9703176453276e-05,4.3593413686109e-05,0.0,0.0,0.0,0.0,0.0,0.0,0.0,0.0,0.0,0.0,0.0,0.0,0.0,0.0,0.0,0.0,0.0,0.0,0.0,0.0
0.0060438331752374385,0.005612439960899429,0.005489595046259345,0.005099064208752003,0.005029308706550156,0.007310351865408354,0.008183645058649228,0.008260099698719051,0.008258508043469209,0.007957920102108166,0.00794974297949741,0.007991383829385216,0.007300520119405534,0.007379994565577571,0.007283011835681505,0.007249835717480146,0.007163744275185967,0.007075995770128438,0.009614340791098805,0.00805341099419675,0.00669862573406145,0.005401696416236526,0.004270252930868575,0.003536368333650733,0.002955069360013918,0.000634361211598023,0.000706334554275651,0.000701029875591836,0.000653578916380117,0.000642937833984425,0.000644373292642856,0.000632251739010941,0.0005799409025628751,0.000541671841159519,0.0005679217891112919,0.00059002879216344,0.000531656566495621,0.000501611328736035,0.0005649450095668331,0.0005282733305863721,0.00019025412999808602,0.000161757460556853,0.000146301934313675,0.000176296877984465,0.000156465046938438,0.000149900578881543,0.000154829190868408,0.000141491093649486,0.000140680201365053,0.000136383628875452,0.00012025577695232499,0.000108103373109599,0.000105839462770055,9.5573381718472e-05,0.000100320780882896,6.626895912569801e-05,5.8581054317499e-05,7.1930483016224e-05,4.6644396729049e-05,6.2052788888636e-05,4.7667283375649006e-05,2.9033155683553e-05,2.5825295118658e-05,2.8643560722385e-05,3.3402661400899e-05,0.0,0.0,0.0,0.0,0.0,0.0,0.0,0.0,0.0,0.0,0.0,0.0,0.0,0.0,0.0,0.0,0.0,0.0,0.0,0.0
0.005414305751019641,0.005187059527338458,0.004529834434041973,0.004565161049723883,0.004459987613411246,0.0068823691570051035,0.0075724440212541055,0.007725882219902224,0.007595077455400498,0.007458290357476252,0.007477388983519679,0.007393827457339239,0.007384262789034475,0.007332890767476547,0.007390287052052786,0.0073607058993982915,0.007245418792155369,0.007015113930723535,0.008551870613775622,0.0071379870411200814,0.005847475550741755,0.004691899745088682,0.003666405793827448,0.0030408036170411694,0.00249244134209224,0.000417946442146212,0.00041412596911060903,0.000365842438455858,0.00038596973643234995,0.00040596414100468805,0.000463071985624472,0.000409865787301901,0.000415527503413274,0.00036623677438954905,0.000345730840480767,0.00035709292790542696,0.00041159460696307105,0.000344948497678771,0.00035949921468953096,0.000371634171031165,0.000142915536391061,0.000164845134700281,0.00015065358037905002,0.000134168470459373,0.00016989441181174,0.00014377942480062002,0.000127991741783871,0.00011908381658138699,0.000115521251064492,0.000124686918625934,0.000114417541526575,0.000101069411520896,9.6073027862819e-05,9.677975114083501e-05,8.131398369469899e-05,6.211897940997e-05,5.9440165476440005e-05,5.1907817906007e-05,6.0551774354749996e-05,5.6704817865948e-05,3.3601513545929e-05,3.0852499304431e-05,2.6972118573855e-05,2.896419249913e-05,2.6373319587699e-05,0.0,0.0,0.0,0.0,0.0,0.0,0.0,0.0,0.0,0.0,0.0,0.0,0.0,0.0,0.0,0.0,0.0,0.0,0.0,0.0
0.005764056935641962,0.005065479797024101,0.004709698718866806,0.004412127149013136,0.004072269725230357,0.0069373363074440465,0.0075647396424425905,0.0076071782187550315,0.0075816491744406835,0.007934763691284962,0.007904869128945578,0.008043613469691197,0.0078208233605635,0.007843579016015862,0.007817806566780014,0.007810975793971554,0.007783195742097091,0.007540192653156506,0.007178700727896789,0.005978480240368938,0.004940152282273768,0.003974210745168552,0.003247059829237693,0.0026253162525166083,0.0021557871468764612,0.000500989950689144,0.0005474809634762161,0.000458121592538645,0.000435790869292107,0.000525290121692896,0.0004989698096140799,0.000444587716852979,0.000380684325757344,0.000377567577506525,0.000376940177983887,0.00040539997791787203,0.000432636966574995,0.000398174371195398,0.00041901649872776403,0.000397502436191567,0.000180774007131368,0.00018724795806200403,0.000136328939845203,0.000141257603971204,0.000152060577847906,0.000114270255942066,0.00014200407832116102,0.000126543316645123,0.000146760794009592,0.000126923725046748,9.506005123479901e-05,8.886355918305601e-05,8.523674640817001e-05,9.0919096570064e-05,7.678157746440299e-05,8.101241276338e-05,5.5132061821767e-05,4.3682617242964e-05,7.4041814058401e-05,5.4261745903624003e-05,2.9231304892713e-05,2.8634179021035003e-05,1.7533970551566e-05,3.1352877579415e-05,3.6941564321242e-05,0.0,0.0,0.0,0.0,0.0,0.0,0.0,0.0,0.0,0.0,0.0,0.0,0.0,0.0,0.0,0.0,0.0,0.0,0.0,0.0
0.0056458890280824785,0.0049512303300233065,0.00469527454998805,0.00428320968545561,0.004352498068675582,0.00740813278598484,0.008256282927011,0.008302150183474742,0.008243399249704101,0.00828873408771261,0.008052505928617002,0.008217477196415102,0.0076727395580311565,0.007654686590283313,0.007692471317301359,0.007673886476199622,0.00750011705329915,0.007375947027622461,0.007218761281446477,0.006043994646949112,0.0049828469092221194,0.003990998960148816,0.003204178315494114,0.002569699350007895,0.002111191164188127,0.000469296798256937,0.00041497066058196697,0.000457812170230009,0.00043057624832915705,0.00038964277771563906,0.000430668777804027,0.00038337660280399205,0.00040158630410241,0.000350432497391053,0.00036673368020788795,0.00040842961208520097,0.00036107557194422,0.00035852142038232795,0.000358464045326261,0.00036230641600028404,0.000154771331916523,0.000168826992359592,0.000179452050978018,0.00013521149260795398,0.000169247475472103,0.000140637655961292,0.000118810771700929,0.000129074191404242,0.000128705143701148,0.000117668347133904,0.00011491020226240101,0.000105394611564718,9.5125968349713e-05,9.326850540555801e-05,8.6423620608689e-05,5.4678563171400004e-05,6.6938713122862e-05,7.706480319690599e-05,6.3140536474372e-05,6.125753793880701e-05,3.5093388535177e-05,3.8306358219668e-05,2.8371651109542997e-05,3.3276203920204003e-05,2.7128509852955003e-05,0.0,0.0,0.0,0.0,0.0,0.0,0.0,0.0,0.0,0.0,0.0,0.0,0.0,0.0,0.0,0.0,0.0,0.0,0.0,0.0
0.005556395145480991,0.005116282673543489,0.004962506190612922,0.004747845309372725,0.004406428282201912,0.00787251554468246,0.008733682936650784,0.008742800963097902,0.008683795747170608,0.008456019833263316,0.008248970981411845,0.008369007215822616,0.008129816697512516,0.00822268685717379,0.00817321151777877,0.008074012926067508,0.00801982711003644,0.007815173005263618,0.007765267267037071,0.006489682443219983,0.005341715918728203,0.004281449591278818,0.003385595397477678,0.002756301253398077,0.002297160809152811,0.000513413682343107,0.000446156127420339,0.000453292965963033,0.000403939790750958,0.000411478012449539,0.00042988275015622303,0.000411908474539247,0.00040472264506667704,0.000376645088933225,0.000371789460847056,0.00034924379140403205,0.000389844141630685,0.000401661618848175,0.00038463871144783703,0.000343442981820015,0.000171978195535741,0.000154961848400478,0.000165715062187794,0.000133828002105532,0.000173720378733818,0.000131134004633982,0.000134558267522448,0.00015639372252867998,0.000134567326972309,0.000144762231690832,0.00011211597553534701,0.000112730680744962,9.9654502391129e-05,8.5297366863023e-05,8.3990650546915e-05,7.5419872442383e-05,6.4994606706372e-05,5.8557113635286e-05,6.3513553682236e-05,5.9340915263973e-05,3.5326938236905005e-05,3.4834448445699e-05,1.8124994667877998e-05,3.1384444981750005e-05,2.6325913987184e-05,0.0,0.0,0.0,0.0,0.0,0.0,0.0,0.0,0.0,0.0,0.0,0.0,0.0,0.0,0.0,0.0,0.0,0.0,0.0,0.0
0.003641083785633525,0.003147364460288524,0.003047993142210457,0.002876578851889827,0.002701183513509859,0.004132892676947349,0.004560646076958098,0.004547071500451487,0.0044667024202728065,0.004253677099102137,0.0042251163161942905,0.004170953878151018,0.00491377938246111,0.00501875500718991,0.004964006146702722,0.004948520621472386,0.004873681690626791,0.004714801622890408,0.00484260676815972,0.0040534887771234785,0.0034094493846246053,0.0027764265778747257,0.0022535484636181722,0.001867737475591785,0.0016204990538884981,0.00048649295659769,0.00050019591206893,0.000504992234921818,0.000416248675688881,0.00044897002884397303,0.000478416881571062,0.00040572835990288695,0.00037145088745346396,0.00036754549811944304,0.000386305209476781,0.00043043578022193004,0.00039644473317023397,0.00039665370385159405,0.00038040698702689204,0.00036693931292569603,9.1656343128161e-05,0.00010501446010146,9.2023666547491e-05,9.693310221973e-05,9.4858214774603e-05,6.0808332863453e-05,8.6723780377451e-05,9.4324769216272e-05,9.053069234622701e-05,7.5554758363427e-05,7.8997785260464e-05,5.1029245726697e-05,5.2066285668187e-05,5.5652978258773e-05,5.8610023052399e-05,5.9638816969774004e-05,3.9646087065956e-05,3.2472687339316e-05,3.7455561310937e-05,3.6365547376297996e-05,2.2839158402067002e-05,1.6442283410028e-05,2.0002737752879e-05,1.3622874369125e-05,2.3535616537804003e-05,0.0,0.0,0.0,0.0,0.0,0.0,0.0,0.0,0.0,0.0,0.0,0.0,0.0,0.0,0.0,0.0,0.0,0.0,0.0,0.0
0.0034946132236897557,0.003340496573361213,0.0028796233611440825,0.002985631756639644,0.002793797902743141,0.004079077855189337,0.004488407349266183,0.0046073013472003555,0.0046317744686017,0.004393127302356513,0.004427582323750726,0.004370545490426339,0.004762741089310421,0.004743149147932622,0.004741425635883972,0.004731596552017853,0.004684292948029296,0.004637157732643884,0.005157317082797313,0.004296714517087825,0.003537372588741747,0.002828334422961635,0.002231134502402064,0.0018360701814885431,0.001500087598029013,0.000291966221925196,0.000251803709527167,0.000238621750058286,0.00024070508060675298,0.000248141102744787,0.000284573949536961,0.000261406914680198,0.00023357447970910201,0.00024095243480081198,0.000202096992650245,0.000216882261035223,0.00024978711044357,0.00025318752108531,0.000258454052789149,0.00024339992312458203,8.3356078159725e-05,0.00010000487672441,9.682452776324999e-05,7.9523099436655e-05,9.014062474977e-05,7.6229634714646e-05,8.552047643643e-05,8.407307639262e-05,7.7085051484455e-05,7.8598699365452e-05,6.8840218536943e-05,6.2214067374242e-05,6.504203152474999e-05,5.9390534051919e-05,5.4166824632606e-05,3.7901053946539003e-05,3.7982213187541e-05,3.3189689516648e-05,4.2658963244198e-05,3.7414633387635e-05,1.7155783438472002e-05,1.6718590735812e-05,1.060283667814e-05,2.4391211302472e-05,1.3088188997912e-05,0.0,0.0,0.0,0.0,0.0,0.0,0.0,0.0,0.0,0.0,0.0,0.0,0.0,0.0,0.0,0.0,0.0,0.0,0.0,0.0
0.0030561751016639784,0.0033055757135841933,0.002795031270538311,0.0030083369786665717,0.00252482644356054,0.003835695176119842,0.004258716401860872,0.004272009248045553,0.004273697103670771,0.004029947579943264,0.003968942216216096,0.003935513154351492,0.0046062166761579575,0.004584094583886272,0.004551635910995838,0.00458716469656781,0.004436869952949357,0.004328663794665525,0.004621980318623045,0.003884019450783528,0.003198130919193714,0.002563836123608291,0.0020540183851784732,0.001672927302014899,0.001427938166921966,0.00033494859831505804,0.00032862660645929104,0.000308501753511161,0.000325817401628985,0.000302843975253218,0.000314397416868059,0.000297028709702382,0.00030877896131870905,0.000227610728803129,0.000223907555919957,0.000281541126365912,0.000292583552595208,0.000248244242868146,0.000246778995490601,0.000241887285474716,8.043342595974001e-05,0.00010142591320901901,8.0473250136692e-05,9.052049891237502e-05,7.1226142374408e-05,7.6131036344069e-05,8.1969110449534e-05,6.4048289866743e-05,6.8533204584929e-05,6.9006755003851e-05,6.0785802992369e-05,6.0824081148551e-05,6.9415312238314e-05,4.5859157120881995e-05,3.3990382752368e-05,3.5536185656405004e-05,3.5000435573593e-05,2.1422354394203002e-05,3.3303702197059e-05,2.052007369195e-05,2.1999172231008e-05,1.1176106837875e-05,1.3898705398151e-05,2.0270193155023e-05,1.6837567702984e-05,0.0,0.0,0.0,0.0,0.0,0.0,0.0,0.0,0.0,0.0,0.0,0.0,0.0,0.0,0.0,0.0,0.0,0.0,0.0,0.0
0.002971043624466911,0.002769964350557068,0.0025449852486340943,0.00250452464670569,0.002673536723437643,0.004635716607667635,0.005268093703050913,0.005277305330219006,0.005080098316961486,0.005385335668635153,0.005417580453370414,0.0053055982789777445,0.005026827962635822,0.005001300481763033,0.005028982119422037,0.0049646504070402254,0.004936189839108269,0.00474679285080728,0.004827396026319594,0.004046927445623097,0.0033533323330986148,0.002730379436405614,0.002107365760066581,0.001802180776874478,0.0015040991468314,0.00040427444215900704,0.000341996113470795,0.000371868393267959,0.00036364030392837,0.000323496517775235,0.000347483721659473,0.000420556812822776,0.000264840385024481,0.000300423172363608,0.000286694783663491,0.000315476498825789,0.000347931833749248,0.000304855834173261,0.00032540925523439197,0.000294493188374798,0.000112970019847601,0.00010874543077740999,9.058674933392701e-05,9.0162063593231e-05,0.000100778293759528,0.000113506739638929,7.0243683942173e-05,9.2042222426252e-05,7.4772444848619e-05,9.145686496093002e-05,6.761865572174299e-05,6.802693851832199e-05,5.9592184800673e-05,4.6206903395709e-05,6.0805907387267e-05,4.1665718312554e-05,3.973252503164e-05,4.0494000619765004e-05,4.1292200975865e-05,3.7561405356699e-05,1.5838425343972e-05,2.7178669537656e-05,2.1428128334564e-05,3.0225534594073002e-05,2.9127313341461997e-05,0.0,0.0,0.0,0.0,0.0,0.0,0.0,0.0,0.0,0.0,0.0,0.0,0.0,0.0,0.0,0.0,0.0,0.0,0.0,0.0
0.004721602468785258,0.004358774445321856,0.00391188064091258,0.003789130761831779,0.003811062414791044,0.004781147127373729,0.005358314192882973,0.0053019790498981525,0.005206882232525001,0.005544080131321551,0.005348996015411797,0.005436879484029714,0.004808790449009043,0.004864330063733112,0.004845410309962852,0.004865117466599692,0.004803263875930513,0.004635466266464509,0.005007587818224334,0.0041906714263552185,0.0034595896906044247,0.0027871053750544274,0.0021802946217009157,0.001792723644475442,0.0014498150057791262,0.000266765651824035,0.00029985320745153196,0.000307970365165561,0.00032746860054573703,0.000318881059063175,0.00030092821261854403,0.00029166190915033897,0.000270313342814235,0.000238821965367426,0.000259708544138673,0.00024303776241647702,0.000241110653923118,0.000285159395161648,0.000254806340063961,0.000223286496556648,8.7187456589219e-05,0.00011962871634890401,8.3735323497833e-05,9.9565410445753e-05,0.000114521772696954,8.0190239665249e-05,9.5787821901996e-05,9.0093047188004e-05,6.8669693112356e-05,8.893818603247201e-05,8.2206830094361e-05,6.2979039634455e-05,4.705724935842e-05,6.733071104144e-05,7.2525604010559e-05,5.2781641865162e-05,3.9300628323838e-05,5.1829678663805e-05,3.6568752922394e-05,3.422636630294e-05,2.972478935181e-05,1.5842522701215002e-05,1.9335511368516e-05,3.164101332245e-05,1.562213836295e-05,0.0,0.0,0.0,0.0,0.0,0.0,0.0,0.0,0.0,0.0,0.0,0.0,0.0,0.0,0.0,0.0,0.0,0.0,0.0,0.0
0.0,0.0,0.0,0.0,0.0,0.0,0.0,0.0,0.0,0.0,0.0,0.0,0.0,0.0,0.0,0.0,0.0,0.0,0.0,0.0,0.0,0.0,0.0,0.0,0.0,0.0,0.0,0.0,0.0,0.0,0.0,0.0,0.0,0.0,0.0,0.0,0.0,0.0,0.0,0.0,0.0,0.0,0.0,0.0,0.0,0.0,0.0,0.0,0.0,0.0,0.0,0.0,0.0,0.0,0.0,0.0,0.0,0.0,0.0,0.0,0.0,0.0,0.0,0.0,0.0,0.0,0.0,0.0,0.0,0.0,0.0,0.0,0.0,0.0,0.0,0.0,0.0,0.0,0.0,0.0,0.0,0.0,0.0,0.0,0.0
0.0,0.0,0.0,0.0,0.0,0.0,0.0,0.0,0.0,0.0,0.0,0.0,0.0,0.0,0.0,0.0,0.0,0.0,0.0,0.0,0.0,0.0,0.0,0.0,0.0,0.0,0.0,0.0,0.0,0.0,0.0,0.0,0.0,0.0,0.0,0.0,0.0,0.0,0.0,0.0,0.0,0.0,0.0,0.0,0.0,0.0,0.0,0.0,0.0,0.0,0.0,0.0,0.0,0.0,0.0,0.0,0.0,0.0,0.0,0.0,0.0,0.0,0.0,0.0,0.0,0.0,0.0,0.0,0.0,0.0,0.0,0.0,0.0,0.0,0.0,0.0,0.0,0.0,0.0,0.0,0.0,0.0,0.0,0.0,0.0
0.0,0.0,0.0,0.0,0.0,0.0,0.0,0.0,0.0,0.0,0.0,0.0,0.0,0.0,0.0,0.0,0.0,0.0,0.0,0.0,0.0,0.0,0.0,0.0,0.0,0.0,0.0,0.0,0.0,0.0,0.0,0.0,0.0,0.0,0.0,0.0,0.0,0.0,0.0,0.0,0.0,0.0,0.0,0.0,0.0,0.0,0.0,0.0,0.0,0.0,0.0,0.0,0.0,0.0,0.0,0.0,0.0,0.0,0.0,0.0,0.0,0.0,0.0,0.0,0.0,0.0,0.0,0.0,0.0,0.0,0.0,0.0,0.0,0.0,0.0,0.0,0.0,0.0,0.0,0.0,0.0,0.0,0.0,0.0,0.0
0.0,0.0,0.0,0.0,0.0,0.0,0.0,0.0,0.0,0.0,0.0,0.0,0.0,0.0,0.0,0.0,0.0,0.0,0.0,0.0,0.0,0.0,0.0,0.0,0.0,0.0,0.0,0.0,0.0,0.0,0.0,0.0,0.0,0.0,0.0,0.0,0.0,0.0,0.0,0.0,0.0,0.0,0.0,0.0,0.0,0.0,0.0,0.0,0.0,0.0,0.0,0.0,0.0,0.0,0.0,0.0,0.0,0.0,0.0,0.0,0.0,0.0,0.0,0.0,0.0,0.0,0.0,0.0,0.0,0.0,0.0,0.0,0.0,0.0,0.0,0.0,0.0,0.0,0.0,0.0,0.0,0.0,0.0,0.0,0.0
0.0,0.0,0.0,0.0,0.0,0.0,0.0,0.0,0.0,0.0,0.0,0.0,0.0,0.0,0.0,0.0,0.0,0.0,0.0,0.0,0.0,0.0,0.0,0.0,0.0,0.0,0.0,0.0,0.0,0.0,0.0,0.0,0.0,0.0,0.0,0.0,0.0,0.0,0.0,0.0,0.0,0.0,0.0,0.0,0.0,0.0,0.0,0.0,0.0,0.0,0.0,0.0,0.0,0.0,0.0,0.0,0.0,0.0,0.0,0.0,0.0,0.0,0.0,0.0,0.0,0.0,0.0,0.0,0.0,0.0,0.0,0.0,0.0,0.0,0.0,0.0,0.0,0.0,0.0,0.0,0.0,0.0,0.0,0.0,0.0
0.0,0.0,0.0,0.0,0.0,0.0,0.0,0.0,0.0,0.0,0.0,0.0,0.0,0.0,0.0,0.0,0.0,0.0,0.0,0.0,0.0,0.0,0.0,0.0,0.0,0.0,0.0,0.0,0.0,0.0,0.0,0.0,0.0,0.0,0.0,0.0,0.0,0.0,0.0,0.0,0.0,0.0,0.0,0.0,0.0,0.0,0.0,0.0,0.0,0.0,0.0,0.0,0.0,0.0,0.0,0.0,0.0,0.0,0.0,0.0,0.0,0.0,0.0,0.0,0.0,0.0,0.0,0.0,0.0,0.0,0.0,0.0,0.0,0.0,0.0,0.0,0.0,0.0,0.0,0.0,0.0,0.0,0.0,0.0,0.0
0.0,0.0,0.0,0.0,0.0,0.0,0.0,0.0,0.0,0.0,0.0,0.0,0.0,0.0,0.0,0.0,0.0,0.0,0.0,0.0,0.0,0.0,0.0,0.0,0.0,0.0,0.0,0.0,0.0,0.0,0.0,0.0,0.0,0.0,0.0,0.0,0.0,0.0,0.0,0.0,0.0,0.0,0.0,0.0,0.0,0.0,0.0,0.0,0.0,0.0,0.0,0.0,0.0,0.0,0.0,0.0,0.0,0.0,0.0,0.0,0.0,0.0,0.0,0.0,0.0,0.0,0.0,0.0,0.0,0.0,0.0,0.0,0.0,0.0,0.0,0.0,0.0,0.0,0.0,0.0,0.0,0.0,0.0,0.0,0.0
0.0,0.0,0.0,0.0,0.0,0.0,0.0,0.0,0.0,0.0,0.0,0.0,0.0,0.0,0.0,0.0,0.0,0.0,0.0,0.0,0.0,0.0,0.0,0.0,0.0,0.0,0.0,0.0,0.0,0.0,0.0,0.0,0.0,0.0,0.0,0.0,0.0,0.0,0.0,0.0,0.0,0.0,0.0,0.0,0.0,0.0,0.0,0.0,0.0,0.0,0.0,0.0,0.0,0.0,0.0,0.0,0.0,0.0,0.0,0.0,0.0,0.0,0.0,0.0,0.0,0.0,0.0,0.0,0.0,0.0,0.0,0.0,0.0,0.0,0.0,0.0,0.0,0.0,0.0,0.0,0.0,0.0,0.0,0.0,0.0
0.0,0.0,0.0,0.0,0.0,0.0,0.0,0.0,0.0,0.0,0.0,0.0,0.0,0.0,0.0,0.0,0.0,0.0,0.0,0.0,0.0,0.0,0.0,0.0,0.0,0.0,0.0,0.0,0.0,0.0,0.0,0.0,0.0,0.0,0.0,0.0,0.0,0.0,0.0,0.0,0.0,0.0,0.0,0.0,0.0,0.0,0.0,0.0,0.0,0.0,0.0,0.0,0.0,0.0,0.0,0.0,0.0,0.0,0.0,0.0,0.0,0.0,0.0,0.0,0.0,0.0,0.0,0.0,0.0,0.0,0.0,0.0,0.0,0.0,0.0,0.0,0.0,0.0,0.0,0.0,0.0,0.0,0.0,0.0,0.0
0.0,0.0,0.0,0.0,0.0,0.0,0.0,0.0,0.0,0.0,0.0,0.0,0.0,0.0,0.0,0.0,0.0,0.0,0.0,0.0,0.0,0.0,0.0,0.0,0.0,0.0,0.0,0.0,0.0,0.0,0.0,0.0,0.0,0.0,0.0,0.0,0.0,0.0,0.0,0.0,0.0,0.0,0.0,0.0,0.0,0.0,0.0,0.0,0.0,0.0,0.0,0.0,0.0,0.0,0.0,0.0,0.0,0.0,0.0,0.0,0.0,0.0,0.0,0.0,0.0,0.0,0.0,0.0,0.0,0.0,0.0,0.0,0.0,0.0,0.0,0.0,0.0,0.0,0.0,0.0,0.0,0.0,0.0,0.0,0.0
0.0,0.0,0.0,0.0,0.0,0.0,0.0,0.0,0.0,0.0,0.0,0.0,0.0,0.0,0.0,0.0,0.0,0.0,0.0,0.0,0.0,0.0,0.0,0.0,0.0,0.0,0.0,0.0,0.0,0.0,0.0,0.0,0.0,0.0,0.0,0.0,0.0,0.0,0.0,0.0,0.0,0.0,0.0,0.0,0.0,0.0,0.0,0.0,0.0,0.0,0.0,0.0,0.0,0.0,0.0,0.0,0.0,0.0,0.0,0.0,0.0,0.0,0.0,0.0,0.0,0.0,0.0,0.0,0.0,0.0,0.0,0.0,0.0,0.0,0.0,0.0,0.0,0.0,0.0,0.0,0.0,0.0,0.0,0.0,0.0
0.0,0.0,0.0,0.0,0.0,0.0,0.0,0.0,0.0,0.0,0.0,0.0,0.0,0.0,0.0,0.0,0.0,0.0,0.0,0.0,0.0,0.0,0.0,0.0,0.0,0.0,0.0,0.0,0.0,0.0,0.0,0.0,0.0,0.0,0.0,0.0,0.0,0.0,0.0,0.0,0.0,0.0,0.0,0.0,0.0,0.0,0.0,0.0,0.0,0.0,0.0,0.0,0.0,0.0,0.0,0.0,0.0,0.0,0.0,0.0,0.0,0.0,0.0,0.0,0.0,0.0,0.0,0.0,0.0,0.0,0.0,0.0,0.0,0.0,0.0,0.0,0.0,0.0,0.0,0.0,0.0,0.0,0.0,0.0,0.0
0.0,0.0,0.0,0.0,0.0,0.0,0.0,0.0,0.0,0.0,0.0,0.0,0.0,0.0,0.0,0.0,0.0,0.0,0.0,0.0,0.0,0.0,0.0,0.0,0.0,0.0,0.0,0.0,0.0,0.0,0.0,0.0,0.0,0.0,0.0,0.0,0.0,0.0,0.0,0.0,0.0,0.0,0.0,0.0,0.0,0.0,0.0,0.0,0.0,0.0,0.0,0.0,0.0,0.0,0.0,0.0,0.0,0.0,0.0,0.0,0.0,0.0,0.0,0.0,0.0,0.0,0.0,0.0,0.0,0.0,0.0,0.0,0.0,0.0,0.0,0.0,0.0,0.0,0.0,0.0,0.0,0.0,0.0,0.0,0.0
0.0,0.0,0.0,0.0,0.0,0.0,0.0,0.0,0.0,0.0,0.0,0.0,0.0,0.0,0.0,0.0,0.0,0.0,0.0,0.0,0.0,0.0,0.0,0.0,0.0,0.0,0.0,0.0,0.0,0.0,0.0,0.0,0.0,0.0,0.0,0.0,0.0,0.0,0.0,0.0,0.0,0.0,0.0,0.0,0.0,0.0,0.0,0.0,0.0,0.0,0.0,0.0,0.0,0.0,0.0,0.0,0.0,0.0,0.0,0.0,0.0,0.0,0.0,0.0,0.0,0.0,0.0,0.0,0.0,0.0,0.0,0.0,0.0,0.0,0.0,0.0,0.0,0.0,0.0,0.0,0.0,0.0,0.0,0.0,0.0
0.0,0.0,0.0,0.0,0.0,0.0,0.0,0.0,0.0,0.0,0.0,0.0,0.0,0.0,0.0,0.0,0.0,0.0,0.0,0.0,0.0,0.0,0.0,0.0,0.0,0.0,0.0,0.0,0.0,0.0,0.0,0.0,0.0,0.0,0.0,0.0,0.0,0.0,0.0,0.0,0.0,0.0,0.0,0.0,0.0,0.0,0.0,0.0,0.0,0.0,0.0,0.0,0.0,0.0,0.0,0.0,0.0,0.0,0.0,0.0,0.0,0.0,0.0,0.0,0.0,0.0,0.0,0.0,0.0,0.0,0.0,0.0,0.0,0.0,0.0,0.0,0.0,0.0,0.0,0.0,0.0,0.0,0.0,0.0,0.0
0.0,0.0,0.0,0.0,0.0,0.0,0.0,0.0,0.0,0.0,0.0,0.0,0.0,0.0,0.0,0.0,0.0,0.0,0.0,0.0,0.0,0.0,0.0,0.0,0.0,0.0,0.0,0.0,0.0,0.0,0.0,0.0,0.0,0.0,0.0,0.0,0.0,0.0,0.0,0.0,0.0,0.0,0.0,0.0,0.0,0.0,0.0,0.0,0.0,0.0,0.0,0.0,0.0,0.0,0.0,0.0,0.0,0.0,0.0,0.0,0.0,0.0,0.0,0.0,0.0,0.0,0.0,0.0,0.0,0.0,0.0,0.0,0.0,0.0,0.0,0.0,0.0,0.0,0.0,0.0,0.0,0.0,0.0,0.0,0.0
0.0,0.0,0.0,0.0,0.0,0.0,0.0,0.0,0.0,0.0,0.0,0.0,0.0,0.0,0.0,0.0,0.0,0.0,0.0,0.0,0.0,0.0,0.0,0.0,0.0,0.0,0.0,0.0,0.0,0.0,0.0,0.0,0.0,0.0,0.0,0.0,0.0,0.0,0.0,0.0,0.0,0.0,0.0,0.0,0.0,0.0,0.0,0.0,0.0,0.0,0.0,0.0,0.0,0.0,0.0,0.0,0.0,0.0,0.0,0.0,0.0,0.0,0.0,0.0,0.0,0.0,0.0,0.0,0.0,0.0,0.0,0.0,0.0,0.0,0.0,0.0,0.0,0.0,0.0,0.0,0.0,0.0,0.0,0.0,0.0
0.0,0.0,0.0,0.0,0.0,0.0,0.0,0.0,0.0,0.0,0.0,0.0,0.0,0.0,0.0,0.0,0.0,0.0,0.0,0.0,0.0,0.0,0.0,0.0,0.0,0.0,0.0,0.0,0.0,0.0,0.0,0.0,0.0,0.0,0.0,0.0,0.0,0.0,0.0,0.0,0.0,0.0,0.0,0.0,0.0,0.0,0.0,0.0,0.0,0.0,0.0,0.0,0.0,0.0,0.0,0.0,0.0,0.0,0.0,0.0,0.0,0.0,0.0,0.0,0.0,0.0,0.0,0.0,0.0,0.0,0.0,0.0,0.0,0.0,0.0,0.0,0.0,0.0,0.0,0.0,0.0,0.0,0.0,0.0,0.0
0.0,0.0,0.0,0.0,0.0,0.0,0.0,0.0,0.0,0.0,0.0,0.0,0.0,0.0,0.0,0.0,0.0,0.0,0.0,0.0,0.0,0.0,0.0,0.0,0.0,0.0,0.0,0.0,0.0,0.0,0.0,0.0,0.0,0.0,0.0,0.0,0.0,0.0,0.0,0.0,0.0,0.0,0.0,0.0,0.0,0.0,0.0,0.0,0.0,0.0,0.0,0.0,0.0,0.0,0.0,0.0,0.0,0.0,0.0,0.0,0.0,0.0,0.0,0.0,0.0,0.0,0.0,0.0,0.0,0.0,0.0,0.0,0.0,0.0,0.0,0.0,0.0,0.0,0.0,0.0,0.0,0.0,0.0,0.0,0.0
0.0,0.0,0.0,0.0,0.0,0.0,0.0,0.0,0.0,0.0,0.0,0.0,0.0,0.0,0.0,0.0,0.0,0.0,0.0,0.0,0.0,0.0,0.0,0.0,0.0,0.0,0.0,0.0,0.0,0.0,0.0,0.0,0.0,0.0,0.0,0.0,0.0,0.0,0.0,0.0,0.0,0.0,0.0,0.0,0.0,0.0,0.0,0.0,0.0,0.0,0.0,0.0,0.0,0.0,0.0,0.0,0.0,0.0,0.0,0.0,0.0,0.0,0.0,0.0,0.0,0.0,0.0,0.0,0.0,0.0,0.0,0.0,0.0,0.0,0.0,0.0,0.0,0.0,0.0,0.0,0.0,0.0,0.0,0.0,0.0
