0.0,0.0,0.0,0.0,0.0,0.0,0.0,0.0,0.0,0.0,0.0,0.0,0.0,0.0,0.0,0.0,0.0,0.0,0.0,0.0,0.0,0.0,0.0,0.0,0.0,0.0,0.0,0.0,0.0,0.0,0.0,0.0,0.0,0.0,0.0,0.0,0.0,0.0,0.0,0.0,0.0,0.0,0.0,0.0,0.0,0.0,0.0,0.0,0.0,0.0,0.0,0.0,0.0,0.0,0.0,0.0,0.0,0.0,0.0,0.0,0.0,0.0,0.0,0.0,0.0,0.0,0.0,0.0,0.0,0.0,0.0,0.0,0.0,0.0,0.0,0.0,0.0,0.0,0.0,0.0,0.0,0.0,0.0,0.0,0.0
0.0,0.0,0.0,0.0,0.0,0.0,0.0,0.0,0.0,0.0,0.0,0.0,0.0,0.0,0.0,0.0,0.0,0.0,0.0,0.0,0.0,0.0,0.0,0.0,0.0,0.0,0.0,0.0,0.0,0.0,0.0,0.0,0.0,0.0,0.0,0.0,0.0,0.0,0.0,0.0,0.0,0.0,0.0,0.0,0.0,0.0,0.0,0.0,0.0,0.0,0.0,0.0,0.0,0.0,0.0,0.0,0.0,0.0,0.0,0.0,0.0,0.0,0.0,0.0,0.0,0.0,0.0,0.0,0.0,0.0,0.0,0.0,0.0,0.0,0.0,0.0,0.0,0.0,0.0,0.0,0.0,0.0,0.0,0.0,0.0
0.0,0.0,0.0,0.0,0.0,0.0,0.0,0.0,0.0,0.0,0.0,0.0,0.0,0.0,0.0,0.0,0.0,0.0,0.0,0.0,0.0,0.0,0.0,0.0,0.0,0.0,0.0,0.0,0.0,0.0,0.0,0.0,0.0,0.0,0.0,0.0,0.0,0.0,0.0,0.0,0.0,0.0,0.0,0.0,0.0,0.0,0.0,0.0,0.0,0.0,0.0,0.0,0.0,0.0,0.0,0.0,0.0,0.0,0.0,0.0,0.0,0.0,0.0,0.0,0.0,0.0,0.0,0.0,0.0,0.0,0.0,0.0,0.0,0.0,0.0,0.0,0.0,0.0,0.0,0.0,0.0,0.0,0.0,0.0,0.0
0.0,0.0,0.0,0.0,0.0,0.0,0.0,0.0,0.0,0.0,0.0,0.0,0.0,0.0,0.0,0.0,0.0,0.0,0.0,0.0,0.0,0.0,0.0,0.0,0.0,0.0,0.0,0.0,0.0,0.0,0.0,0.0,0.0,0.0,0.0,0.0,0.0,0.0,0.0,0.0,0.0,0.0,0.0,0.0,0.0,0.0,0.0,0.0,0.0,0.0,0.0,0.0,0.0,0.0,0.0,0.0,0.0,0.0,0.0,0.0,0.0,0.0,0.0,0.0,0.0,0.0,0.0,0.0,0.0,0.0,0.0,0.0,0.0,0.0,0.0,0.0,0.0,0.0,0.0,0.0,0.0,0.0,0.0,0.0,0.0
0.0,0.0,0.0,0.0,0.0,0.0,0.0,0.0,0.0,0.0,0.0,0.0,0.0,0.0,0.0,0.0,0.0,0.0,0.0,0.0,0.0,0.0,0.0,0.0,0.0,0.0,0.0,0.0,0.0,0.0,0.0,0.0,0.0,0.0,0.0,0.0,0.0,0.0,0.0,0.0,0.0,0.0,0.0,0.0,0.0,0.0,0.0,0.0,0.0,0.0,0.0,0.0,0.0,0.0,0.0,0.0,0.0,0.0,0.0,0.0,0.0,0.0,0.0,0.0,0.0,0.0,0.0,0.0,0.0,0.0,0.0,0.0,0.0,0.0,0.0,0.0,0.0,0.0,0.0,0.0,0.0,0.0,0.0,0.0,0.0
0.0,0.0,0.0,0.0,0.0,0.0,0.0,0.0,0.0,0.0,0.0,0.0,0.0,0.0,0.0,0.0,0.0,0.0,0.0,0.0,0.0,0.0,0.0,0.0,0.0,0.0,0.0,0.0,0.0,0.0,0.0,0.0,0.0,0.0,0.0,0.0,0.0,0.0,0.0,0.0,0.0,0.0,0.0,0.0,0.0,0.0,0.0,0.0,0.0,0.0,0.0,0.0,0.0,0.0,0.0,0.0,0.0,0.0,0.0,0.0,0.0,0.0,0.0,0.0,0.0,0.0,0.0,0.0,0.0,0.0,0.0,0.0,0.0,0.0,0.0,0.0,0.0,0.0,0.0,0.0,0.0,0.0,0.0,0.0,0.0
0.0,0.0,0.0,0.0,0.0,0.0,0.0,0.0,0.0,0.0,0.0,0.0,0.0,0.0,0.0,0.0,0.0,0.0,0.0,0.0,0.0,0.0,0.0,0.0,0.0,0.0,0.0,0.0,0.0,0.0,0.0,0.0,0.0,0.0,0.0,0.0,0.0,0.0,0.0,0.0,0.0,0.0,0.0,0.0,0.0,0.0,0.0,0.0,0.0,0.0,0.0,0.0,0.0,0.0,0.0,0.0,0.0,0.0,0.0,0.0,0.0,0.0,0.0,0.0,0.0,0.0,0.0,0.0,0.0,0.0,0.0,0.0,0.0,0.0,0.0,0.0,0.0,0.0,0.0,0.0,0.0,0.0,0.0,0.0,0.0
0.0,0.0,0.0,0.0,0.0,0.0,0.0,0.0,0.0,0.0,0.0,0.0,0.0,0.0,0.0,0.0,0.0,0.0,0.0,0.0,0.0,0.0,0.0,0.0,0.0,0.0,0.0,0.0,0.0,0.0,0.0,0.0,0.0,0.0,0.0,0.0,0.0,0.0,0.0,0.0,0.0,0.0,0.0,0.0,0.0,0.0,0.0,0.0,0.0,0.0,0.0,0.0,0.0,0.0,0.0,0.0,0.0,0.0,0.0,0.0,0.0,0.0,0.0,0.0,0.0,0.0,0.0,0.0,0.0,0.0,0.0,0.0,0.0,0.0,0.0,0.0,0.0,0.0,0.0,0.0,0.0,0.0,0.0,0.0,0.0
0.0,0.0,0.0,0.0,0.0,0.0,0.0,0.0,0.0,0.0,0.0,0.0,0.0,0.0,0.0,0.0,0.0,0.0,0.0,0.0,0.0,0.0,0.0,0.0,0.0,0.0,0.0,0.0,0.0,0.0,0.0,0.0,0.0,0.0,0.0,0.0,0.0,0.0,0.0,0.0,0.0,0.0,0.0,0.0,0.0,0.0,0.0,0.0,0.0,0.0,0.0,0.0,0.0,0.0,0.0,0.0,0.0,0.0,0.0,0.0,0.0,0.0,0.0,0.0,0.0,0.0,0.0,0.0,0.0,0.0,0.0,0.0,0.0,0.0,0.0,0.0,0.0,0.0,0.0,0.0,0.0,0.0,0.0,0.0,0.0
0.0,0.0,0.0,0.0,0.0,0.0,0.0,0.0,0.0,0.0,0.0,0.0,0.0,0.0,0.0,0.0,0.0,0.0,0.0,0.0,0.0,0.0,0.0,0.0,0.0,0.0,0.0,0.0,0.0,0.0,0.0,0.0,0.0,0.0,0.0,0.0,0.0,0.0,0.0,0.0,0.0,0.0,0.0,0.0,0.0,0.0,0.0,0.0,0.0,0.0,0.0,0.0,0.0,0.0,0.0,0.0,0.0,0.0,0.0,0.0,0.0,0.0,0.0,0.0,0.0,0.0,0.0,0.0,0.0,0.0,0.0,0.0,0.0,0.0,0.0,0.0,0.0,0.0,0.0,0.0,0.0,0.0,0.0,0.0,0.0
0.0,0.0,0.0,0.0,0.0,0.0,0.0,0.0,0.0,0.0,0.0,0.0,0.0,0.0,0.0,0.0,0.0,0.0,0.0,0.0,0.0,0.0,0.0,0.0,0.0,0.0,0.0,0.0,0.0,0.0,0.0,0.0,0.0,0.0,0.0,0.0,0.0,0.0,0.0,0.0,0.0,0.0,0.0,0.0,0.0,0.0,0.0,0.0,0.0,0.0,0.0,0.0,0.0,0.0,0.0,0.0,0.0,0.0,0.0,0.0,0.0,0.0,0.0,0.0,0.0,0.0,0.0,0.0,0.0,0.0,0.0,0.0,0.0,0.0,0.0,0.0,0.0,0.0,0.0,0.0,0.0,0.0,0.0,0.0,0.0
0.0,0.0,0.0,0.0,0.0,0.0,0.0,0.0,0.0,0.0,0.0,0.0,0.0,0.0,0.0,0.0,0.0,0.0,0.0,0.0,0.0,0.0,0.0,0.0,0.0,0.0,0.0,0.0,0.0,0.0,0.0,0.0,0.0,0.0,0.0,0.0,0.0,0.0,0.0,0.0,0.0,0.0,0.0,0.0,0.0,0.0,0.0,0.0,0.0,0.0,0.0,0.0,0.0,0.0,0.0,0.0,0.0,0.0,0.0,0.0,0.0,0.0,0.0,0.0,0.0,0.0,0.0,0.0,0.0,0.0,0.0,0.0,0.0,0.0,0.0,0.0,0.0,0.0,0.0,0.0,0.0,0.0,0.0,0.0,0.0
0.0,0.0,0.0,0.0,0.0,0.0,0.0,0.0,0.0,0.0,0.0,0.0,0.0,0.0,0.0,0.0,0.0,0.0,0.0,0.0,0.0,0.0,0.0,0.0,0.0,0.0,0.0,0.0,0.0,0.0,0.0,0.0,0.0,0.0,0.0,0.0,0.0,0.0,0.0,0.0,0.0,0.0,0.0,0.0,0.0,0.0,0.0,0.0,0.0,0.0,0.0,0.0,0.0,0.0,0.0,0.0,0.0,0.0,0.0,0.0,0.0,0.0,0.0,0.0,0.0,0.0,0.0,0.0,0.0,0.0,0.0,0.0,0.0,0.0,0.0,0.0,0.0,0.0,0.0,0.0,0.0,0.0,0.0,0.0,0.0
0.0,0.0,0.0,0.0,0.0,0.0,0.0,0.0,0.0,0.0,0.0,0.0,0.0,0.0,0.0,0.0,0.0,0.0,0.0,0.0,0.0,0.0,0.0,0.0,0.0,0.0,0.0,0.0,0.0,0.0,0.0,0.0,0.0,0.0,0.0,0.0,0.0,0.0,0.0,0.0,0.0,0.0,0.0,0.0,0.0,0.0,0.0,0.0,0.0,0.0,0.0,0.0,0.0,0.0,0.0,0.0,0.0,0.0,0.0,0.0,0.0,0.0,0.0,0.0,0.0,0.0,0.0,0.0,0.0,0.0,0.0,0.0,0.0,0.0,0.0,0.0,0.0,0.0,0.0,0.0,0.0,0.0,0.0,0.0,0.0
0.0,0.0,0.0,0.0,0.0,0.0,0.0,0.0,0.0,0.0,0.0,0.0,0.0,0.0,0.0,0.0,0.0,0.0,0.0,0.0,0.0,0.0,0.0,0.0,0.0,0.0,0.0,0.0,0.0,0.0,0.0,0.0,0.0,0.0,0.0,0.0,0.0,0.0,0.0,0.0,0.0,0.0,0.0,0.0,0.0,0.0,0.0,0.0,0.0,0.0,0.0,0.0,0.0,0.0,0.0,0.0,0.0,0.0,0.0,0.0,0.0,0.0,0.0,0.0,0.0,0.0,0.0,0.0,0.0,0.0,0.0,0.0,0.0,0.0,0.0,0.0,0.0,0.0,0.0,0.0,0.0,0.0,0.0,0.0,0.0
0.0,0.0,0.0,0.0,0.0,0.0,0.0,0.0,0.0,0.0,0.0,0.0,0.0,0.0,0.0,5.58372530466e-06,1.2707869959285e-05,4.5300030065364e-05,8.2608552705699e-05,0.000223870264485003,0.000192780449236473,0.000499373362356459,0.00070031443500078,0.000876456417368181,0.0009720302694476641,0.00097005460231662,0.0009836295222329342,0.001082574322465623,0.001095923407436271,0.001128728062978959,0.001150723576457859,0.00096128932242015,0.001080193492775775,0.0009647193197172301,0.000955753686589272,0.0009690298293542161,0.000889260258346638,0.0009660089326540831,0.0009239519857052041,0.001079992081615707,0.0010093362225104222,0.000833588058846471,0.000964627965457095,0.0007278436990278241,0.0009499543627893571,0.000978402852544167,0.001105950641078964,0.0010334947322740802,0.001091076836912685,0.0011997044314510591,0.001179147202457127,0.001222865397566955,0.0011621399207337331,0.001093846038925929,0.0010297499821848991,0.000983689021870839,0.0008391865205134351,0.000730234942925166,0.0006353546414202391,0.000650676880488423,0.000384663832547961,0.00037483826639274603,0.000282221600603628,0.000293838102485313,0.000155768359093743,0.000113612487329766,5.8792678545279e-05,3.8410472820972004e-05,4.3906127860806005e-05,6.667474110805201e-05,4.3521525109461006e-05,4.2284521309608e-05,3.6977580895614e-05,0.0,0.0,0.0,0.0,0.0,0.0,0.0,0.0,0.0,0.0,0.0,0.0
0.0,0.0,0.0,0.0,0.0,0.0,0.0,0.0,0.0,0.0,0.0,0.0,0.0,0.0,0.0,1.1361865041459001e-05,2.4862551700557e-05,6.7300835056983e-05,0.000224830801932423,0.000658052288254407,0.0004899037356982081,0.0013168416064711981,0.001616147650020906,0.0020952334895073567,0.002636304672729357,0.002185586359001385,0.002479777794883686,0.002977322146738809,0.002790111515722734,0.002437013229075318,0.002329874970002505,0.002565837321103503,0.0025025106744622594,0.002751372146991618,0.002438806799641455,0.002296871161274451,0.002550550673906829,0.002425920320328084,0.002450545630564071,0.002413337661804717,0.0026786103773838513,0.0021952277572833538,0.0023212856662497873,0.002156634756476082,0.002574351060325806,0.002410300057395417,0.002429221835998479,0.002843287446043995,0.002758671186585114,0.002921417709429891,0.002872363170154137,0.002874100983995982,0.002875291357945374,0.002974908354890247,0.002631814778898849,0.002285965936730265,0.0019924329134013543,0.0016988597237335382,0.0016093769095742911,0.001573982578551348,0.001170664927278738,0.0010220743224839221,0.0006355970478010171,0.0006109776095084641,0.00045917658572593504,0.000317368953572232,0.000226335076075188,8.847855585588e-05,0.00011704847696176801,0.00016325780894032202,0.000140293671734391,0.000101807888591232,9.3284276062869e-05,0.0,0.0,0.0,0.0,0.0,0.0,0.0,0.0,0.0,0.0,0.0,0.0
0.0,0.0,0.0,0.0,0.0,0.0,0.0,0.0,0.0,0.0,0.0,0.0,0.0,0.0,0.0,4.1641619949888005e-05,6.9194681478882e-05,0.000387070651211205,0.0007114118703578881,0.002277132047452248,0.001769376402475812,0.0034610777849741104,0.005097898599691008,0.007064844795054372,0.008329330284504981,0.007878139403960423,0.008461373792492727,0.008750580725886765,0.008213589471248667,0.008596511782193283,0.008730710866982837,0.008154757418623822,0.008088957189387,0.008797149726025083,0.008229759920669235,0.007961670864374966,0.0074131987212144425,0.007782565380944622,0.008352658054714131,0.008016319734139426,0.008002044250749154,0.007270741785036457,0.007678799228658319,0.008499516282081513,0.008542196049435472,0.006886788391046335,0.007913141669077462,0.008947100468549572,0.009455012052203542,0.009339348342676813,0.009874273211115045,0.009373941705797181,0.008618701224330673,0.009153676127543626,0.008308962460822366,0.007942297846384408,0.006500302670123082,0.006003250931927295,0.005253334301425011,0.004820120677401402,0.003937165081726602,0.003010910841569952,0.0021019886179111263,0.001691382167456187,0.001313643500025324,0.000558804214968438,0.000683300259805914,0.00035599313273896205,0.000371553432981159,0.00046904746821402603,0.000588088929597174,0.000401460150586113,0.000284111120377341,0.0,0.0,0.0,0.0,0.0,0.0,0.0,0.0,0.0,0.0,0.0,0.0
0.0,0.0,0.0,0.0,0.0,0.0,0.0,0.0,0.0,0.0,0.0,0.0,0.0,0.0,0.0,7.4976545012271e-05,0.000228233481789654,0.0007024127592803941,0.0013625044534497331,0.004819658207545279,0.0034597413155545652,0.007984708161570885,0.011670980448951486,0.015300740093380828,0.0164572835011686,0.017073303480037254,0.01738188865676864,0.018766198314536277,0.01816841470350082,0.018410016117134418,0.016878654906570183,0.016963855689184713,0.017631098490486347,0.017150141763067867,0.01660624043449916,0.016838354586056696,0.017021231418569798,0.01733879223581664,0.01820616848747279,0.017595068310055428,0.016280444314219416,0.014734161997911817,0.015758860587604964,0.01523803762708008,0.01681624803942898,0.016601410224326114,0.017721013098068013,0.018932552453951354,0.01856941065878734,0.020839055569418827,0.01909755348094702,0.019455273825269962,0.020473867588826487,0.01769138925975478,0.01698618435177687,0.015942776217223308,0.013740910201385938,0.012436180396098498,0.011666368458617097,0.009479945358205295,0.007925507432605198,0.007103961138897918,0.004582126736348328,0.003919522369600932,0.002898635645745789,0.0016581070824291512,0.0014001849060862471,0.000711361821330741,0.000887648176302381,0.001164973623462336,0.000833907599728551,0.0009079303849135681,0.000688970767909389,0.0,0.0,0.0,0.0,0.0,0.0,0.0,0.0,0.0,0.0,0.0,0.0
0.0,0.0,0.0,0.0,0.0,0.0,0.0,0.0,0.0,0.0,0.0,0.0,0.0,0.0,0.0,0.00018391141335161702,0.0006046385163389911,0.002035032545372055,0.004362426269639332,0.01447991417028382,0.012142906832422582,0.025244763486550394,0.03933534369212939,0.04827563263439908,0.050866758394708236,0.05468583248430335,0.055023570352009686,0.05979756530036245,0.05863213638436077,0.054821352527902246,0.05506325303486174,0.05220367281833748,0.055935032604308633,0.055628499436641984,0.05438115295212649,0.05095479536391586,0.05109293639762287,0.05155113998127958,0.05321927094994126,0.05252042115469856,0.05191165902583674,0.04810351709753309,0.04941009150771643,0.047647433169501444,0.05341075382866727,0.05161349692314306,0.05616373918065818,0.05770626006756495,0.06038360697301204,0.0654861367104343,0.06297427365618667,0.06069581916672607,0.06444491912354011,0.057821326452181916,0.054484841664809006,0.05064680209986723,0.04249365483991211,0.03809706580563379,0.03616241449320168,0.031922091807715956,0.02431055467016002,0.019526115713265547,0.01556614557377869,0.01228655059524427,0.01069175204122014,0.004654696696919421,0.0038800276291903143,0.002504966467030935,0.003061177671183276,0.003209995013007726,0.002482874119851477,0.0026577925977278012,0.002005312086545874,0.0,0.0,0.0,0.0,0.0,0.0,0.0,0.0,0.0,0.0,0.0,0.0
0.0,0.0,0.0,0.0,0.0,0.0,0.0,0.0,0.0,0.0,0.0,0.0,0.0,0.0,0.0,0.000138940241260941,0.000394910742282597,0.0013872545749271101,0.002747313866181102,0.010653086514327836,0.010238991546965975,0.018820121794298948,0.028883836209333283,0.03615909549449525,0.03987876729322707,0.04146152444848113,0.042416724178636005,0.04721001653746163,0.0446160930909985,0.042721874268322926,0.04252380628395908,0.04109528519098451,0.04332421815089788,0.04356583896988671,0.04165638830635906,0.038978704187484434,0.04114278649079451,0.04040336745963721,0.04041563715434544,0.04256032730926432,0.04098468794062177,0.03586002437918578,0.0391121959611357,0.038555072938670665,0.0391090927990202,0.03978947098210694,0.04375024797317439,0.045910419954687864,0.04673530309997198,0.05064705904832022,0.0486249188020187,0.04683450697576279,0.04778915740661974,0.04443885481899379,0.04161484569351648,0.03819128807000657,0.03275931643761243,0.03078746279602184,0.027779319487194507,0.027340500979234114,0.018244767235425785,0.015846797179106968,0.01197976701675994,0.009352111911726064,0.007787607137682867,0.003748332137796264,0.0031803900908221054,0.001727074402583199,0.002303057215846782,0.002365690067955756,0.001863513536379048,0.002016972042228645,0.001476608468475075,0.0,0.0,0.0,0.0,0.0,0.0,0.0,0.0,0.0,0.0,0.0,0.0
0.0,0.0,0.0,0.0,0.0,0.0,0.0,0.0,0.0,0.0,0.0,0.0,0.0,0.0,0.0,0.000336714577940529,0.000993100550341104,0.002538743245195221,0.0059319186157534625,0.020720278270300405,0.017607346703006708,0.03315705692377296,0.052095907623301616,0.06529160559931073,0.07045820165291096,0.07225959151236955,0.0780264883441028,0.08385315560443748,0.07942586648032608,0.0764375170869099,0.07648097421329106,0.07181358839799994,0.07471187988853648,0.07707326753720455,0.07478598521696678,0.07024527766487211,0.07369662843184692,0.07200842790129977,0.07337576616350905,0.07538600298995886,0.07182206838392914,0.06695031554316272,0.0693409499944485,0.06582631945023279,0.07252165678687249,0.07043227365593299,0.07754485868480726,0.08097049121441549,0.08426206496563658,0.08836198811421546,0.088575941623846,0.08288392705272776,0.08687979420014737,0.08066391846937065,0.07459519222539121,0.07067599866769333,0.058581335715267954,0.05381738740343804,0.05107545457406902,0.04339674098858752,0.03419801234564348,0.029756779261986124,0.0200382297910357,0.017287798099227102,0.013118300278016271,0.006626264786542428,0.005293976865465628,0.0029302333705203574,0.004220909307055815,0.00428935413156394,0.0038355063254861344,0.003855377281628418,0.002789512437982341,0.0,0.0,0.0,0.0,0.0,0.0,0.0,0.0,0.0,0.0,0.0,0.0
0.0,0.0,0.0,0.0,0.0,0.0,0.0,0.0,0.0,0.0,0.0,0.0,0.0,0.0,0.0,0.000450074120254728,0.00116170306129134,0.0035641258444092574,0.008264144345411279,0.030772419385508874,0.02575613993394613,0.04965443274588242,0.08046794263704134,0.09889945651042104,0.10257555850146742,0.10966064997699429,0.11444165768341187,0.1245626579391332,0.1191469420761741,0.11242758768226324,0.11250679645680368,0.10707377773659545,0.11479351181845869,0.11635528328462685,0.11098297413001375,0.10460770940659196,0.1049286503687028,0.1063945450348309,0.11004606066975321,0.11135037698387466,0.1072074061345147,0.09979778218172239,0.10179372605146539,0.0972059501243221,0.10907851731467753,0.10547313810731826,0.11596343496721515,0.12032725716089264,0.12399179755398518,0.13174300738151581,0.1323339669607428,0.1248745535660297,0.12899867131706552,0.12059589076614388,0.11286905443817384,0.1054114808771249,0.08856832065150716,0.07928743431318046,0.07682348500090162,0.06589430585924311,0.05105601465241004,0.04269268378183546,0.03028344215488906,0.026047057232307685,0.02088295345750539,0.009702182695313106,0.008570996383518938,0.00426506300108028,0.00639763103223468,0.007069038576387792,0.005595056420914558,0.005977630534430497,0.004300075276606221,0.0,0.0,0.0,0.0,0.0,0.0,0.0,0.0,0.0,0.0,0.0,0.0
0.0,0.0,0.0,0.0,0.0,0.0,0.0,0.0,0.0,0.0,0.0,0.0,0.0,0.0,0.0,0.000517806482132805,0.001384499235678495,0.004540572945035361,0.009959767150918418,0.03471785314142761,0.029640781852935016,0.057208157295440466,0.09091595384548647,0.11638112650789866,0.1205956315932188,0.12846523022998313,0.13508245864131357,0.14626158249455024,0.14118928787050886,0.1301740649359017,0.13252029184888556,0.12507115986752057,0.13275328511097562,0.13386190173207696,0.12974031158073207,0.12308400694087362,0.125385838649562,0.12603316491066138,0.1310719821314799,0.13007996856823292,0.12607994315091772,0.11770244895853545,0.1202249013714675,0.11727425865629139,0.1260516128419059,0.12508537991094615,0.13671228852244216,0.1413861000831177,0.1452687160958555,0.15615058649246277,0.15606051013591898,0.1469470917677968,0.1510498932286149,0.1399579501229976,0.13181584849925496,0.12201924672177149,0.10362451569435602,0.09092880363949982,0.08657785157917801,0.07791401757234433,0.05916887314693121,0.05028458552975048,0.03467757841055487,0.03210740593158352,0.024311432942231613,0.01175495768419499,0.009341415349687252,0.004903249004053528,0.00703402005022479,0.008076492719227108,0.006296689699545393,0.0068651871783968945,0.004773422926693965,0.0,0.0,0.0,0.0,0.0,0.0,0.0,0.0,0.0,0.0,0.0,0.0
0.0,0.0,0.0,0.0,0.0,0.0,0.0,0.0,0.0,0.0,0.0,0.0,0.0,0.0,0.0,0.000583624868894643,0.001770405439217874,0.005440451684634537,0.010887088173890403,0.03717712422422535,0.0332223741272779,0.06274064908094705,0.0958312002019087,0.1225599059272987,0.13175957787699819,0.13772287000408887,0.14263223525801044,0.15686203682424538,0.15406802788662588,0.143590733505014,0.14443200002612802,0.1388353286386986,0.1430973334263884,0.1444699092476999,0.13915922519503812,0.13594954661389738,0.13724860252432103,0.1359937988758686,0.14075414909318995,0.1432470310972548,0.13661582378022633,0.12658772744933142,0.13126398256304467,0.12841505588202023,0.13800287759387048,0.1331524253399394,0.14655994049983007,0.1548908790215198,0.160397384119633,0.16768662833633297,0.16509779637038677,0.16042123357868338,0.1641330778789921,0.15352606025922802,0.14092206798437526,0.1326954109509178,0.11260190711873595,0.09876981742773709,0.09634373114419927,0.08392225081693148,0.06456808292652923,0.05375974755543402,0.0377231613624214,0.03379174694777094,0.024887479523733776,0.0124815622727769,0.010366220822907777,0.0052811777010473284,0.007584910976145553,0.008696040986792834,0.007082993708950435,0.007374067771491615,0.005290967527821925,0.0,0.0,0.0,0.0,0.0,0.0,0.0,0.0,0.0,0.0,0.0,0.0
0.0,0.0,0.0,0.0,0.0,0.0,0.0,0.0,0.0,0.0,0.0,0.0,0.0,0.0,0.0,0.000589040258743656,0.001484362263465492,0.005204072439883659,0.011422625737664638,0.04042140043535291,0.03493244654681658,0.06507403745235191,0.10361166444856743,0.1320374838739783,0.13928388182973636,0.1485707366475147,0.15557194675530334,0.1673566123010069,0.16256711344054514,0.15222881760357812,0.1519167576505327,0.14687534452691106,0.15483327926109955,0.15159423902759955,0.14798922228842534,0.141045819605957,0.1451168296682709,0.14653900110257137,0.15010965590380432,0.15167351137985557,0.14486557166037184,0.13160699334079493,0.13942131427251284,0.13607949538247785,0.14802946443766327,0.14481197264970386,0.15770723652881713,0.16281682808864528,0.16771038468128455,0.1786181024810984,0.17498889098584514,0.16637608739327966,0.17397918334122398,0.16500160020952084,0.14779207973022204,0.14040778182340918,0.1178449871709889,0.10778091113835477,0.10298666934067525,0.08899082951104388,0.06772624904320781,0.059210364087966476,0.04115123716910969,0.03487204322142974,0.027329782207027652,0.013160418502475704,0.010969513067363658,0.005435295803419383,0.008085496658891455,0.00968325230917864,0.007245735857371818,0.007526802725524836,0.005758982605644795,0.0,0.0,0.0,0.0,0.0,0.0,0.0,0.0,0.0,0.0,0.0,0.0
0.0,0.0,0.0,0.0,0.0,0.0,0.0,0.0,0.0,0.0,0.0,0.0,0.0,0.0,0.0,0.000580867639672203,0.001637877926250555,0.0054357238164293225,0.011309468119270237,0.03955324553081697,0.03475503193649217,0.06833624985927551,0.10515714929992542,0.13502289847436388,0.14028437953359874,0.15129623334506787,0.1556714358238854,0.17174913626451632,0.16125740353881352,0.151679652956656,0.15325635247582875,0.1467428342099928,0.156840264719741,0.1541046452736109,0.14886545767625284,0.14265678806032212,0.14418800633026974,0.14460246052055492,0.15161119988345464,0.1516324755581379,0.14594765673497823,0.13254416038530537,0.13745738847925867,0.1362516174350594,0.1481307822406187,0.14729769187037778,0.15930397680811478,0.16549833101497016,0.16905776253392424,0.18085374356545766,0.17502741752306125,0.17201152768918854,0.17392371601556594,0.16117285576996032,0.15297441029053552,0.13963310129100148,0.11875803477083435,0.10542371524323409,0.10221503209854223,0.0873974745115359,0.06915004554075357,0.05755717031803881,0.038932487105415206,0.03409289175003659,0.026247036441566465,0.013805610089997974,0.010859184102127778,0.0054823384201755695,0.00811054621334812,0.008975765965335015,0.007401980062507278,0.007889406755654707,0.005910829879916769,0.0,0.0,0.0,0.0,0.0,0.0,0.0,0.0,0.0,0.0,0.0,0.0
0.0,0.0,0.0,0.0,0.0,0.0,0.0,0.0,0.0,0.0,0.0,0.0,0.0,0.0,0.0,0.000589561348288113,0.0018135112127196451,0.005184167572899285,0.011260227695642729,0.039640809417738364,0.03567306074767491,0.06772580025031748,0.10555241765186572,0.13482312585327186,0.14227714155975196,0.15009470094819255,0.15838724900295045,0.17361110070432229,0.16528914075108686,0.1523475007778464,0.15463747294721608,0.14790735793163867,0.15493808248357646,0.1574751504891643,0.14942759114568963,0.14766174466280219,0.14742661051961037,0.1483664664392578,0.1534714109842882,0.15179792223978408,0.14936390720681766,0.13605683455492992,0.14255399182645714,0.13747531984649855,0.14970646347281882,0.14397016386036418,0.15909414207322767,0.16877637648040733,0.1711861013671509,0.18022237779269992,0.17785726449277908,0.17290787550838055,0.18009375151018353,0.16414275193790046,0.1547067507532482,0.142752138560327,0.12062140338961624,0.10710079042068603,0.10401318126098563,0.08948385097086674,0.06978671692457682,0.060107413778102345,0.04181596342147091,0.035136533967994994,0.028641945689706527,0.015027524048531676,0.011234393499432565,0.0060033596423598335,0.007961900107414788,0.008900043145998628,0.007185966803785423,0.007704117130208943,0.005328627310813437,0.0,0.0,0.0,0.0,0.0,0.0,0.0,0.0,0.0,0.0,0.0,0.0
0.0,0.0,0.0,0.0,0.0,0.0,0.0,0.0,0.0,0.0,0.0,0.0,0.0,0.0,0.0,0.0006232725054604471,0.001774771571359719,0.005081613528496728,0.0113845112374239,0.040590202272598894,0.03520661273635007,0.06699203656847318,0.10543618993067734,0.13591342488426497,0.14593393384533587,0.1522585406420508,0.15530012366285686,0.17261192929391692,0.16629948263838543,0.1550263068772679,0.15408602830587145,0.15082747800927535,0.15653669367223924,0.16101822909374627,0.15094564226557647,0.1456267660683967,0.14788999167527356,0.14969071407488402,0.15382317033673956,0.15282625168673725,0.14847042785519604,0.13562344055402206,0.14031901759344304,0.13723646977149984,0.1475614726988074,0.14640476521595908,0.161454241099733,0.16552235470369603,0.17203975474527644,0.18329329239029063,0.18133126150256354,0.1738926795771406,0.1780997636502072,0.16763711436521955,0.1551828455995591,0.14377482361163643,0.12295474315878438,0.10924476730923675,0.10396871950351796,0.08946545967714505,0.06954746101443805,0.05904454311566673,0.04095908345245048,0.03694072492606516,0.027600969445743855,0.013970719114089016,0.011780060858487562,0.005530861194451683,0.007970356953151618,0.009085762449564869,0.007580593383030558,0.007640188450361697,0.005906197179092689,0.0,0.0,0.0,0.0,0.0,0.0,0.0,0.0,0.0,0.0,0.0,0.0
0.0,0.0,0.0,0.0,0.0,0.0,0.0,0.0,0.0,0.0,0.0,0.0,0.0,0.0,0.0,0.0006897687235053089,0.0016656939089678521,0.005714882585546217,0.012395610851795304,0.040780416002124585,0.03622425080545985,0.06927622271040249,0.10690452900220705,0.1346484890690598,0.14614588420008381,0.15320122982249104,0.15696248801780846,0.1709535909869127,0.16657959818827356,0.1522807053307794,0.15700019281143157,0.14644031092987986,0.15744968494258005,0.1583995454343216,0.1535546242152554,0.1469909189396766,0.14614150040766535,0.1482854167804683,0.15484083474964128,0.15314977687386971,0.15162950604769054,0.1343187112888194,0.14099673148925845,0.13603407669634246,0.151241452819042,0.14492810663635416,0.1600780504983841,0.16803858316456022,0.17442150670632495,0.18309514672694824,0.179119006226672,0.17564086133476617,0.1750680919090874,0.16633012271021866,0.15727419180025068,0.14531064477765063,0.12249028209250597,0.1092056962755711,0.10522893934745958,0.09024500298368648,0.07097595444073143,0.058793781076760296,0.041594027732791417,0.03537156078491746,0.026910451721364862,0.013419992844543987,0.011513101105503354,0.0060514934622089255,0.008409374979496351,0.009641454311581149,0.007457531105403552,0.007760227398834819,0.005113441176044796,0.0,0.0,0.0,0.0,0.0,0.0,0.0,0.0,0.0,0.0,0.0,0.0
0.0,0.0,0.0,0.0,0.0,0.0,0.0,0.0,0.0,0.0,0.0,0.0,0.0,0.0,0.0,0.0007027826919305909,0.001591496901534147,0.005800568049792063,0.011357623540262641,0.040935456846559054,0.03603438516994579,0.06927346486350548,0.10691480338166001,0.13699202080320214,0.14691274421262354,0.15279422182300867,0.15849767779989915,0.17341773451961684,0.16546858032846687,0.15690473745784486,0.1594756824112564,0.15345209294524426,0.15885983979608567,0.16055374450798549,0.15364630925125952,0.1475010236094012,0.14838421539051894,0.15294420995008656,0.15797681125899443,0.15679731959989499,0.15411627511924003,0.14020774433890743,0.1431528706190124,0.1382227886074589,0.15338773652930102,0.14711591912912284,0.16294356246974456,0.16718891443012535,0.1733487900028158,0.18315534152278215,0.18359894011440836,0.17415261934456314,0.18097748763840737,0.16744585667706424,0.15675391783448936,0.1426898818342067,0.1224409722890064,0.11117820718907948,0.10354211137429624,0.09167107014976018,0.0718057329488252,0.06009624615349576,0.04176040373614775,0.03589437237659584,0.027412782415082847,0.013615956750965155,0.011594439295750405,0.006234200600179116,0.00875614876070495,0.008968302164768094,0.007838223140001314,0.007980167703434047,0.005350887322343308,0.0,0.0,0.0,0.0,0.0,0.0,0.0,0.0,0.0,0.0,0.0,0.0
0.0,0.0,0.0,0.0,0.0,0.0,0.0,0.0,0.0,0.0,0.0,0.0,0.0,0.0,0.0,0.0006160224078918479,0.0018390546923502571,0.0056849194061886835,0.011977510229030663,0.040722195176154656,0.036540066178587044,0.0682515427852765,0.10676638890098854,0.1356633107271147,0.14817958839715656,0.15500385242975578,0.15924054927668138,0.17404473473997348,0.1699515362257628,0.15356380292886107,0.16101456451144544,0.15134589513161212,0.15694400901186686,0.16017022868617933,0.15312451634375515,0.14927820529194782,0.14947611904869768,0.14938992896537387,0.1547681626315656,0.1573772290354981,0.15257568047280118,0.14010458830893202,0.1440543177600611,0.14057680738899994,0.14959140239815047,0.14757046124831194,0.1635315838825833,0.16828504357717433,0.17105728517219712,0.18731254946732115,0.1831637628517235,0.1760608602689094,0.17926361020092926,0.16817428957556899,0.15308926700709685,0.14388164487656985,0.12289334321933952,0.108933508309969,0.10386065556811297,0.09210833194770048,0.07310213814003787,0.06113785796534365,0.0406534200843448,0.03612443520299936,0.027774602550943776,0.013229617700427732,0.011200874074260684,0.006006492781697611,0.008029659091122118,0.008873512524536263,0.007148478907063276,0.007606872149358295,0.006117820299671001,0.0,0.0,0.0,0.0,0.0,0.0,0.0,0.0,0.0,0.0,0.0,0.0
0.0,0.0,0.0,0.0,0.0,0.0,0.0,0.0,0.0,0.0,0.0,0.0,0.0,0.0,0.0,0.000655028290668879,0.001697295950955969,0.005336074837731474,0.011779787657317653,0.04128859711253785,0.03645223606870786,0.06719107942284734,0.10831407121777938,0.1362594464291795,0.14452269171285717,0.1546229714564888,0.16105360113992098,0.1725223622945708,0.16690789930491506,0.15623780236907053,0.15773300422856137,0.1485117622252346,0.15640573182024553,0.15834960509035315,0.15154370191437636,0.14746173442075627,0.14960811353903977,0.14945333025368132,0.15566279134144878,0.1572138883502975,0.14982288315626574,0.13776642658477475,0.1420856861550246,0.14057145595604434,0.1521706008229652,0.14719621608280534,0.163929877972955,0.1701260695260294,0.17478273653778229,0.1836819160975962,0.18175455882592764,0.17649092950677034,0.17877056624012902,0.16633686732446396,0.15682286318899918,0.14409353652472368,0.12417953465259789,0.1077303532100926,0.10421931112204631,0.09265749439869975,0.07036031319689776,0.05999269412974775,0.04137968098943236,0.036342834296546916,0.02791586556868392,0.014414007709922632,0.01110764948472885,0.005872239791836386,0.008313562564036264,0.009378158933863547,0.007676794456775299,0.00756391558361256,0.00575035057133004,0.0,0.0,0.0,0.0,0.0,0.0,0.0,0.0,0.0,0.0,0.0,0.0
0.0,0.0,0.0,0.0,0.0,0.0,0.0,0.0,0.0,0.0,0.0,0.0,0.0,0.0,0.0,0.000589184104974075,0.0018794142618305011,0.005844709143099831,0.011540306670482364,0.04135567574777583,0.03691739660390917,0.06980994091111103,0.11057200655046112,0.13837890160812544,0.14695130455777636,0.15246984034741187,0.15937498197927472,0.1766000395666598,0.17291287255621157,0.15830323928114642,0.16055374450798549,0.15264741356776781,0.15948084561919387,0.1613280039917763,0.15353945525651153,0.14985604578343065,0.15044374235938687,0.1525388394433515,0.1572784843094936,0.15638336336607073,0.15280323821877692,0.13973520275312334,0.14576984321059108,0.14056802906775107,0.15202707084304637,0.15212190924897281,0.16684265810003715,0.17024896029289383,0.1780876995999938,0.18732853320022366,0.18369664770702127,0.17710839904872366,0.17998353337946796,0.16938674039832055,0.15753313599330881,0.14406103964187741,0.12736026333584186,0.11253647696897572,0.10831612086570819,0.09147725779291709,0.07156533613365951,0.059675557949183444,0.041185576088268484,0.03716091029802518,0.029335889350745017,0.01390437046470814,0.011717951016478134,0.005512751037960489,0.008301812456667003,0.00958507574396497,0.007623238861103812,0.008004050020607915,0.0059114166042577194,0.0,0.0,0.0,0.0,0.0,0.0,0.0,0.0,0.0,0.0,0.0,0.0
0.0,0.0,0.0,0.0,0.0,0.0,0.0,0.0,0.0,0.0,0.0,0.0,0.0,0.0,0.0,0.000602860017694635,0.001720564797109473,0.005647139813695782,0.011540946060208215,0.04175482246292792,0.03645751409858007,0.06996070422416122,0.10892708858098023,0.13851865919318074,0.1461936475675344,0.15372757988736385,0.15900793940804192,0.17307327589841418,0.1674145938157453,0.15849633504164884,0.15868745189388309,0.15072067778262935,0.15763399825504867,0.15857709201453504,0.15400826157663614,0.15116571543736965,0.1499497909660268,0.15079917502994555,0.1536916218007952,0.15642861889246593,0.151938948042041,0.13798265642701607,0.14329823293266258,0.1411379026733595,0.1496048050970748,0.1494641065491512,0.16163907462113067,0.17144090569174933,0.17488799424368423,0.1864247107028593,0.1849509115255662,0.17371016925555574,0.18202286758592212,0.16915995070348244,0.15582151981401474,0.14398900154574126,0.12437101606386139,0.11176713870613066,0.1047706031243532,0.0936599192620457,0.07193544665530835,0.0583943780379209,0.04211771155299505,0.03743459738675683,0.02860093551170748,0.01418343580497207,0.012804661473988208,0.005989306771530333,0.008211439266042222,0.008945291502378796,0.007563098218179339,0.008091394121746706,0.005810249871481173,0.0,0.0,0.0,0.0,0.0,0.0,0.0,0.0,0.0,0.0,0.0,0.0
0.0,0.0,0.0,0.0,0.0,0.0,0.0,0.0,0.0,0.0,0.0,0.0,0.0,0.0,0.0,0.000631661559757842,0.001674584522837541,0.005645759790425712,0.01209334778592956,0.04043152240832457,0.035254100558926776,0.06790908656797029,0.10610113549805529,0.1358037526289561,0.14759480304026634,0.1514114517087305,0.15746865443907052,0.1767437300652426,0.16691322230259945,0.1567919033141428,0.15743173820996903,0.15184528669378847,0.15851418758467384,0.15994531557579345,0.15621765206619753,0.14915147778371976,0.1492327730999791,0.14961524598842327,0.15357699103918285,0.15895154165652262,0.15104572281410528,0.1388653656874314,0.14408308863554084,0.138725067910831,0.15074463461980286,0.14798457215416425,0.16250493694649878,0.16980922540732576,0.173718586116268,0.18608783673277512,0.1805894467866315,0.17576962649088146,0.18109987940928352,0.17059284209037937,0.15491418269920232,0.14464469180363712,0.12151406446230807,0.10912749149309424,0.1066649199632329,0.0901855942746695,0.07251042148754368,0.05992439365323602,0.041605791041384635,0.03738802545659358,0.028202659042182388,0.01368972312983736,0.011814375190030072,0.0062730068024301755,0.008298638282869756,0.00978025570746478,0.007295223896604648,0.0079360794252928,0.005810553945394798,0.0,0.0,0.0,0.0,0.0,0.0,0.0,0.0,0.0,0.0,0.0,0.0
0.0,0.0,0.0,0.0,0.0,0.0,0.0,0.0,0.0,0.0,0.0,0.0,0.0,0.0,0.0,0.0005750921805949171,0.0018448695845060732,0.0052153696459731995,0.01212827804442424,0.04022139898934068,0.03691791963402232,0.07068376127883111,0.10558730437874272,0.13725238832378464,0.14782997715962592,0.1545530439264357,0.1579036206456065,0.17507058303777318,0.1681704154491887,0.15465642446167738,0.1571253425163728,0.15084745959042942,0.15955309195391587,0.15930619362343532,0.15373896160527836,0.14805582060007572,0.14827413395648908,0.14924491887070773,0.15231337164990597,0.1538245068917899,0.15012512815699586,0.13788554655429347,0.14374591335768566,0.13870189061934962,0.1520484746333697,0.14942095361904265,0.1617371636802476,0.17025799783523196,0.17217478591654303,0.18359057211761795,0.18008890515580603,0.17415407892731705,0.17919096508490495,0.16847384868964538,0.1552661243751962,0.1427904492867294,0.12213186298715244,0.10875635712653539,0.10523906558929258,0.0909013349968899,0.07146996154191723,0.06044286696262903,0.04257152534510504,0.03568811344385751,0.027859479306449438,0.013527062821346247,0.010618699843951735,0.006210376952660598,0.008312401916321651,0.00952132191637033,0.007011538529530722,0.007906343707527429,0.005688310728337599,0.0,0.0,0.0,0.0,0.0,0.0,0.0,0.0,0.0,0.0,0.0,0.0
0.0,0.0,0.0,0.0,0.0,0.0,0.0,0.0,0.0,0.0,0.0,0.0,0.0,0.0,0.0,0.000623121510900693,0.0017502144677404561,0.005461164437327235,0.012322817984903336,0.040477865732611626,0.03616130576135458,0.06888717641095615,0.10678739694297053,0.13760660692846532,0.1461021836694995,0.15566681173474312,0.15795073709774474,0.17573411292163163,0.16978084683561678,0.15652217295417853,0.16153796070984433,0.15037323079352868,0.1589786107338087,0.16110981292307094,0.15421267377440204,0.1480540016491643,0.1488615638053788,0.14683305974947497,0.1540775755553675,0.15580309123500144,0.1523322787573055,0.13964119518880466,0.14331483804852968,0.1413302427960653,0.1504924597272322,0.1507935274784242,0.1670698583350892,0.17037081523692335,0.17343731729903453,0.18352928960755063,0.18080978066588688,0.17587511093097963,0.1809482441237627,0.166377847597071,0.155272241595719,0.14518677819393003,0.12608943396422714,0.11037587602899128,0.10452648971090839,0.08921052385210479,0.06942573343354454,0.06033234941677935,0.04132669498359134,0.035961137866658346,0.028335776505440072,0.0135879601801217,0.010795957542714113,0.005670458242574886,0.007810587940150572,0.009544882096082322,0.007580532738541296,0.008702911006929567,0.006101644545623158,0.0,0.0,0.0,0.0,0.0,0.0,0.0,0.0,0.0,0.0,0.0,0.0
0.0,0.0,0.0,0.0,0.0,0.0,0.0,0.0,0.0,0.0,0.0,0.0,0.0,0.0,0.0,0.0005779014754923121,0.001714313833087581,0.005683292085485148,0.012546498738176025,0.04051921765506882,0.03507428037600765,0.0680644754932058,0.10709962193451102,0.138764095653206,0.14662620886233363,0.15461948834300612,0.16057948381180298,0.17626277556694858,0.16917196426355277,0.15848046209198177,0.16178851825543655,0.15105796695204107,0.16055754287491256,0.16107334188545439,0.15239969347308022,0.14736123486387362,0.1473105507566729,0.14940056322141776,0.15397650736765203,0.15820750808772574,0.1519103510418016,0.13802110027870151,0.141785520872165,0.13818769770851344,0.15349057862791426,0.14980354502651774,0.1634554172770556,0.1708014063447736,0.17294009718911896,0.18393130754784456,0.18133290764664456,0.17687860202121639,0.1790973588287258,0.1679070917766671,0.15823793299070568,0.14356268704403363,0.12350946827716897,0.1105882368583578,0.10820076400646236,0.09162755756982285,0.07025824158881931,0.05922759293080389,0.0426172508065244,0.03651892370586071,0.027449259793438,0.013948607234153244,0.012078406282168518,0.006535923846777684,0.0080964619741728,0.009389671955516007,0.008307722832075858,0.0075165065367604885,0.006008704615493503,0.0,0.0,0.0,0.0,0.0,0.0,0.0,0.0,0.0,0.0,0.0,0.0
0.0,0.0,0.0,0.0,0.0,0.0,0.0,0.0,0.0,0.0,0.0,0.0,0.0,0.0,0.0,0.0006826188743012101,0.001706078252658918,0.005511929142350454,0.012253164607301272,0.04040858579009464,0.037324811192251825,0.07066622492011371,0.10951117774157385,0.1391653085154245,0.15079583641699434,0.1578769269782136,0.16229469304665242,0.17617823978057665,0.16984701402655344,0.1584017276932033,0.16227301646180733,0.15522341136582885,0.1638664817066336,0.16184460399329606,0.15674851381862664,0.15412573584565184,0.15034004425337283,0.15266595175441605,0.15987494603673896,0.15915647810313954,0.1555322929652996,0.14019369542156365,0.1431742885108303,0.142590753026747,0.15406348954918175,0.14973285079733048,0.16356923152801237,0.17430239188492877,0.17545490723317803,0.18647886269928513,0.18684514409503647,0.17875205506198408,0.18230613772033213,0.17046018840755547,0.15923073841341898,0.1506346626743932,0.12302555719581384,0.11261392277940149,0.1092542185761382,0.09659378128021488,0.0727557139800892,0.06205078577808922,0.04402261161540945,0.036293370676329505,0.027983874067890036,0.014631092008338826,0.01196979928969535,0.005722053877341531,0.008284400600375497,0.009541418524685692,0.00760370679134364,0.008160850554996648,0.005875012937019486,0.0,0.0,0.0,0.0,0.0,0.0,0.0,0.0,0.0,0.0,0.0,0.0
0.0,0.0,0.0,0.0,0.0,0.0,0.0,0.0,0.0,0.0,0.0,0.0,0.0,0.0,0.0,0.0006501303209442001,0.0019297330932931502,0.005607075251687526,0.011553947896609488,0.04070213598835666,0.03662866868691365,0.06860976362613565,0.10744801268884079,0.13745907235803023,0.14655868751799833,0.15366711889655002,0.1591901020238532,0.17666029294195307,0.1681538269953449,0.15982109686815743,0.16254103462800246,0.15335837072210068,0.15914178002459356,0.161156220622208,0.1551540716620389,0.14925390115840795,0.14952347246544054,0.1521124982974123,0.1564398998224646,0.1584993245239517,0.15114201679593217,0.1385849001579463,0.14310171571957195,0.13901687340855204,0.1537235578589003,0.15112809088166235,0.1649998842877426,0.17034743722445814,0.1734251837112895,0.1870654482914769,0.1832251904255881,0.17599331703669643,0.18176702141425716,0.17091678711314637,0.15660238415389038,0.14602556954365264,0.12475445222290704,0.11209534309368625,0.10547224844215866,0.09276902497366855,0.07221696592269751,0.05980937892402166,0.04136307163919752,0.036840037352024985,0.028413592704799488,0.013712125878528674,0.011398774078599115,0.006015380681811102,0.008405949057112684,0.00961520235837233,0.007321590737292736,0.008009951557316184,0.005624922638147166,0.0,0.0,0.0,0.0,0.0,0.0,0.0,0.0,0.0,0.0,0.0,0.0
0.0,0.0,0.0,0.0,0.0,0.0,0.0,0.0,0.0,0.0,0.0,0.0,0.0,0.0,0.0,0.0005826995164309469,0.00171631063695684,0.005528951346971782,0.011347970627132508,0.040931506980521296,0.03478072997807284,0.06940795586668562,0.10854831840642455,0.13926484957672225,0.147377361184921,0.15150373607098824,0.15689465331621733,0.17463940942002001,0.16669791362459352,0.15364396776687322,0.16047786186598306,0.15282807388604802,0.15881008047159292,0.15993700398622093,0.1529139738065573,0.14891546870169237,0.1490401706231429,0.15132654920512562,0.15425322689463802,0.15504720281748138,0.1503988530245771,0.13584853813236258,0.1418958689554746,0.13995876843455357,0.15225231859981542,0.14668916539013926,0.1624810611837095,0.1705070241979863,0.17599736007597397,0.1868713408947664,0.1845347775914927,0.17546191246115006,0.18174037077726465,0.17115769263917702,0.1553281519145908,0.14552519062663935,0.1245610906974645,0.11100640223948545,0.10579404158900652,0.0908985711106946,0.07035583248376799,0.060580450693994904,0.041692674803052075,0.03625015958176695,0.028176769430751772,0.013287686826639347,0.011622775219293658,0.005579375997491686,0.00861930606876314,0.009297756586269964,0.007176957575328754,0.007613234281550592,0.005398564986267153,0.0,0.0,0.0,0.0,0.0,0.0,0.0,0.0,0.0,0.0,0.0,0.0
0.0,0.0,0.0,0.0,0.0,0.0,0.0,0.0,0.0,0.0,0.0,0.0,0.0,0.0,0.0,0.000650642129462493,0.001751193181824267,0.005634384997224079,0.011711343935089217,0.04056819834887427,0.03660407797269342,0.06936423048798378,0.10683471131001554,0.13725861242695195,0.14745989110490085,0.15486836268947735,0.15700185852155038,0.17655923311995952,0.16641830775519134,0.1556242252042762,0.15810017387988623,0.1516233964001308,0.15804259802974455,0.16099039759652095,0.15323312804785344,0.14908983688928606,0.14992334391326143,0.14985867487062168,0.1529008202254139,0.1527881403497307,0.14985202327659766,0.13691748443110083,0.14573605786897376,0.14017117886824262,0.15513074608852007,0.1505137582173145,0.16463979167511691,0.16746032893438678,0.17438536096301305,0.18268687215227278,0.18208690395521296,0.17479949299991024,0.17981561638095342,0.1699430549173906,0.15526594360639648,0.14518457406160226,0.12373228891077627,0.10875438366964502,0.10421318382705011,0.09113270122365258,0.0724423513406787,0.06003050665999246,0.040628496562171365,0.03602039760555335,0.028098500353292095,0.013737528648725761,0.011439256794897774,0.005724624145865475,0.007817039956367634,0.009219765558712996,0.007193510158955454,0.0077456207502342635,0.005315181264549076,0.0,0.0,0.0,0.0,0.0,0.0,0.0,0.0,0.0,0.0,0.0,0.0
0.0,0.0,0.0,0.0,0.0,0.0,0.0,0.0,0.0,0.0,0.0,0.0,0.0,0.0,0.0,0.000505178093400156,0.00167419530067455,0.00641758259958114,0.01165292668424355,0.04025627839558255,0.0371298206310395,0.06775937771703885,0.10498041115516726,0.13777547644177557,0.14844594126144012,0.15554292985763654,0.1601409578559582,0.17521038345611833,0.1674858626594654,0.15450406879917988,0.15708545970780274,0.1522571398046343,0.16089591763080857,0.1597507450745786,0.15530289169620018,0.14771140414620157,0.14886074389670365,0.1520722201376216,0.15334561583684353,0.15658134686319405,0.14979914602220576,0.1389675247817956,0.1442390244460387,0.14198719283063282,0.14985171758569651,0.14712592187168663,0.16660653123550107,0.17024877208455477,0.17274328811983403,0.18397970422827625,0.18568172383483933,0.1772762576930101,0.1837433357542889,0.1691417580717946,0.15864375803423914,0.1434774573125529,0.12421755004249503,0.11136574629201679,0.10545529225896833,0.09310208699777317,0.070189019703368,0.058620195941933066,0.040679593024273195,0.03704360023818212,0.026988136640103636,0.013794728601501072,0.011802464141172387,0.006126256482249496,0.008231116855468361,0.009488976423339525,0.007674759307573932,0.0077250592224675394,0.00610296630676077,0.0,0.0,0.0,0.0,0.0,0.0,0.0,0.0,0.0,0.0,0.0,0.0
0.0,0.0,0.0,0.0,0.0,0.0,0.0,0.0,0.0,0.0,0.0,0.0,0.0,0.0,0.0,0.000609828507699411,0.0018483996908616991,0.005965479938021815,0.011894157224884724,0.041737018209939594,0.034835148163371195,0.0690456227501155,0.10895652504415447,0.1369670904198437,0.14754996914174454,0.1564963997737688,0.16102921271212173,0.17647136723157958,0.16656363710130576,0.15887722516139977,0.16122989593006415,0.14985430468707514,0.16109320994615173,0.15979966433558168,0.15225796588406565,0.148456610927699,0.15093100701344034,0.14977113462868327,0.15753690319631286,0.15647573143699392,0.1532077894110592,0.13982206859110693,0.1476456070377556,0.13859907223256074,0.15194973202658513,0.1495514036529721,0.16551507211814337,0.17116015512423946,0.17525411156695256,0.1865086358694815,0.1832166586007566,0.1793495895779177,0.1826567274664739,0.17013155382404366,0.1562124713450406,0.1483979565048642,0.12423887164708294,0.11302596949635277,0.10744657248727002,0.09368338891526087,0.07130836179351045,0.05914657296673827,0.042021998882014314,0.03552510785134087,0.02980647403405579,0.01384138820212763,0.01168316697299694,0.005583928895512543,0.008289758756435204,0.009933309837806532,0.0075360800704776364,0.008236038111515367,0.005916273330863394,0.0,0.0,0.0,0.0,0.0,0.0,0.0,0.0,0.0,0.0,0.0,0.0
0.0,0.0,0.0,0.0,0.0,0.0,0.0,0.0,0.0,0.0,0.0,0.0,0.0,0.0,0.0,0.000628693852794087,0.0017322706633515,0.004814033593037919,0.011753469224866734,0.0403712799378052,0.035475180029625304,0.0671207290445714,0.10545627050167135,0.13604760415390066,0.14250056458897686,0.15324177563139174,0.16027722620918763,0.16987236030093852,0.16541654665772446,0.15239122039565525,0.1547858039261958,0.1479716603273497,0.1559766716399597,0.16005278121685487,0.15226073224341816,0.14587828286554805,0.14846511831682632,0.1502147581421892,0.1539002036223173,0.15222321006215078,0.15076555747957934,0.13484236728970422,0.1433888465857262,0.13620853377821818,0.14969490412025532,0.14484642532534597,0.16013508800116685,0.1700227977959201,0.16989484278365327,0.18254223450774498,0.17879025753972416,0.1726810736288124,0.17991161776279513,0.1651092796309138,0.15431207464659485,0.14396226140048501,0.12342613736556882,0.10930746119335154,0.10415157337447135,0.09044952345330386,0.06845672976522016,0.06066090109470531,0.04121964599282972,0.03568752502335912,0.0271661084024727,0.01394092295256353,0.012138930821841191,0.0056722733605809065,0.00806405877256554,0.009572620465279258,0.006851325993773826,0.00748633294144314,0.0065216986197990335,0.0,0.0,0.0,0.0,0.0,0.0,0.0,0.0,0.0,0.0,0.0,0.0
0.0,0.0,0.0,0.0,0.0,0.0,0.0,0.0,0.0,0.0,0.0,0.0,0.0,0.0,0.0,0.000639843005882451,0.001571911149168804,0.0049803228560888245,0.011296029515499621,0.039553181905341524,0.035119889481705656,0.06653561020918199,0.10439213756875813,0.13387764927877957,0.14122089587111059,0.15025900419167515,0.1560697276029389,0.16901318649622382,0.1642439472094468,0.15154977422993127,0.1543564719205831,0.14763758544907066,0.15640019747282885,0.1580500860532961,0.14825642985408266,0.14423044367720916,0.1446901364932146,0.14984566559672766,0.15119331901912178,0.14972060544615895,0.14820291982533287,0.1344767659732127,0.14121803297461064,0.13887476016160052,0.14916613914866264,0.14417922322120844,0.16111052266959885,0.16687589411971376,0.16714520395860674,0.18158694110854728,0.17821592960940583,0.17041638957175853,0.17842976815480815,0.16491950064742905,0.15399043819688912,0.14133118922245436,0.11978138572766876,0.1083036362001796,0.10343612391499922,0.09133555691442105,0.06850707992598597,0.05763513551769393,0.03959536797320474,0.0348741184589436,0.027022740468631616,0.013619114763621423,0.010570934766747411,0.005646089342215423,0.007921664405561324,0.008884621949654578,0.007020590580301293,0.00782555856573729,0.005720886864453156,0.0,0.0,0.0,0.0,0.0,0.0,0.0,0.0,0.0,0.0,0.0,0.0
0.0,0.0,0.0,0.0,0.0,0.0,0.0,0.0,0.0,0.0,0.0,0.0,0.0,0.0,0.0,0.000576187294890795,0.001772961534968946,0.0054263599483872545,0.011629583698298763,0.03916210878180346,0.03551416556783469,0.06694923784469269,0.10438268513527121,0.1334212386104179,0.14382263943555004,0.14948785229118403,0.1562440189018806,0.17278092211356202,0.16226105674783065,0.15330285615470862,0.1526204895290401,0.14640588639224167,0.15641117478555164,0.15541389062952007,0.15153025797924818,0.1452343645637233,0.14677576530460645,0.1472512568490073,0.1522447945551305,0.15374501251734285,0.14744377874374537,0.13598922923408185,0.13841559309867393,0.13675178876057822,0.14864595683677229,0.1475166580571512,0.160809363765979,0.16730081206146805,0.16972415024791002,0.17968423596588826,0.17829055641035454,0.1728333981750354,0.17607261054347856,0.16372469469519083,0.15287198379097228,0.14385213817017561,0.12081230990372581,0.10737195050925026,0.10305039670508151,0.09021447788799841,0.0694746448233206,0.05811506708158864,0.04119480602960147,0.035799513404134,0.026841018977658025,0.013008456390691479,0.011247173273572013,0.0057991906224037345,0.007824789237584319,0.009112149977901319,0.007572145937370954,0.008038760573884408,0.006041837546718415,0.0,0.0,0.0,0.0,0.0,0.0,0.0,0.0,0.0,0.0,0.0,0.0
0.0,0.0,0.0,0.0,0.0,0.0,0.0,0.0,0.0,0.0,0.0,0.0,0.0,0.0,0.0,0.0005775950896858951,0.001633395034587156,0.005445040537573608,0.010830932936291083,0.038911228156126534,0.03432797296210085,0.06615515746116352,0.10213395498122753,0.13016765983766962,0.14142019690758734,0.14621075302187864,0.15155059503041085,0.1664046186939181,0.16013977170953558,0.15109636450514954,0.15025845710520752,0.14130819209877157,0.1525837170354865,0.15436613645169436,0.14677688054443563,0.14108054872472686,0.14093833266132785,0.14233742417070955,0.14637248805571781,0.14695215352850025,0.14253310882622156,0.133284957274927,0.13686608633157654,0.13175374109693241,0.14452114417622558,0.13996738497051164,0.15294116488702578,0.1611596773170866,0.1628827078549588,0.17558638354847797,0.17138614775964467,0.16517180028235479,0.17022644832835232,0.16224468404484127,0.1474338549095246,0.13868488799737494,0.117605984327362,0.10353971130371374,0.10093642382531734,0.08651011550718037,0.06707396958477224,0.056075430058424344,0.03984817601801185,0.035045229802907925,0.026534672188104465,0.012722824070627081,0.010645972282364908,0.005147265935062278,0.00782515775430863,0.008594848999799442,0.007151386471563591,0.007096951307048178,0.005199999328565412,0.0,0.0,0.0,0.0,0.0,0.0,0.0,0.0,0.0,0.0,0.0,0.0
0.0,0.0,0.0,0.0,0.0,0.0,0.0,0.0,0.0,0.0,0.0,0.0,0.0,0.0,0.0,0.0006081771897009001,0.0016564283606078972,0.005150427908887731,0.011639477543000227,0.04041038287291603,0.035624193060104226,0.06643314246437165,0.10391840551971238,0.13398689613111825,0.1415794747447311,0.14911884735269101,0.15525219167541943,0.16776188535888711,0.16338217395122423,0.15188627172971056,0.15202863889457266,0.14817684647490595,0.15355493011136453,0.1554926091249392,0.14982657168524005,0.14471933202382328,0.1439122160694876,0.14423466376046332,0.14907579102792784,0.14956423545033506,0.14722612496116974,0.13552062420680303,0.13730326739983456,0.13437528485711447,0.14728205297843597,0.14401168210660195,0.1591119487760356,0.16338434123216652,0.16814290324664996,0.17661095120682574,0.17434867234091705,0.17088777673088285,0.1748490111870297,0.1631114431891972,0.15096898077599044,0.14101611253622598,0.11984265546673348,0.106247634183234,0.10259034598707131,0.0899128563846237,0.06686304260930818,0.05790700087128507,0.040504009782964104,0.03503376040706537,0.026877590069998607,0.01366337163906238,0.011403917799517015,0.0058564941167483404,0.007359950438773947,0.008777965965771364,0.007023664757052402,0.007909090222505424,0.005508967363384353,0.0,0.0,0.0,0.0,0.0,0.0,0.0,0.0,0.0,0.0,0.0,0.0
0.0,0.0,0.0,0.0,0.0,0.0,0.0,0.0,0.0,0.0,0.0,0.0,0.0,0.0,0.0,0.000580756736880519,0.001582299593855193,0.00529056732113082,0.010363430897297547,0.037755230749253375,0.033229213326949995,0.0647001760402671,0.10141602861468056,0.13010143778308245,0.13542957260488253,0.1419344804674351,0.14597775788513245,0.16085203449714658,0.15703669557680913,0.1443622782471648,0.14806293540238913,0.1407743065800819,0.14762266570000002,0.1481417314616933,0.14441496769034798,0.1364492951695022,0.1371527785894855,0.1380564015405498,0.14279021803408204,0.1455962957847692,0.1401028117032135,0.1300203360622584,0.13296049115729416,0.13176164492276077,0.14056791691372042,0.13704038739836957,0.15171728746473673,0.15750674675771384,0.15945340297814414,0.1693904850421811,0.1693651427108666,0.1630654181623521,0.16877067517623484,0.15622302373161964,0.14395894794460726,0.1355249056988731,0.11581915341491149,0.10113211129503767,0.09747575854197146,0.08597419895486745,0.06615954083389199,0.055464709211670106,0.039478302602716404,0.03437763447113637,0.026599700174450378,0.012453498525735482,0.010791379317329935,0.005547715606549209,0.007765237121430456,0.008978488459170379,0.007031354023713535,0.007371147811984551,0.005502631116954993,0.0,0.0,0.0,0.0,0.0,0.0,0.0,0.0,0.0,0.0,0.0,0.0
0.0,0.0,0.0,0.0,0.0,0.0,0.0,0.0,0.0,0.0,0.0,0.0,0.0,0.0,0.0,0.000617115444288618,0.0016222318289471312,0.005146131524245182,0.010817445016889271,0.03728501024170497,0.03279356648956,0.06203282106345144,0.09805522593504398,0.12551961455825025,0.1348328177729907,0.13827060666683436,0.1469940259227886,0.16022535864114976,0.1543019067084276,0.14504379091636332,0.1439022962406281,0.13864626901357174,0.1468762746686591,0.14634465678743439,0.13897686236597437,0.1360768623071832,0.1358979266987466,0.1375943313224151,0.14271139655668033,0.14271876589161397,0.1378857462540712,0.12667107169388211,0.1307812835720251,0.12889377741583022,0.14098832971215655,0.1356160202714095,0.14864881004469493,0.1564443984736848,0.1574546551297502,0.17011511157610873,0.16707958821508012,0.16207100180264283,0.16635588429594855,0.15358883808211302,0.14205176175787987,0.13362225671138653,0.11438160236951123,0.1017162704361236,0.09524065230181156,0.08447522775416393,0.0658651942090069,0.05439632303017856,0.037529653901221274,0.03339273837427764,0.02545257284935022,0.012778686245170074,0.010625064723586024,0.005554458618771994,0.007760310126633753,0.008554477685651153,0.007207755209743845,0.00744602429290593,0.005323938059345727,0.0,0.0,0.0,0.0,0.0,0.0,0.0,0.0,0.0,0.0,0.0,0.0
0.0,0.0,0.0,0.0,0.0,0.0,0.0,0.0,0.0,0.0,0.0,0.0,0.0,0.0,0.0,0.000563810456593785,0.001560197942840523,0.004548701165364411,0.010943952163213392,0.03805845199628552,0.03216910801037254,0.06251107143669157,0.0973798228778423,0.12403891860031546,0.13262238072521298,0.13900268729399692,0.1428854097766133,0.16043609015239493,0.15192886140892445,0.13898487132362364,0.1437636912790492,0.13571393817433297,0.14302508716579257,0.14297412051479344,0.14000068419733505,0.13478624205250178,0.13442567810583356,0.13609352966033803,0.13891830875582384,0.1399323976682148,0.13690686785584832,0.12613422497316032,0.1293361056244072,0.1284339737601518,0.13804014214110852,0.1358352264997293,0.149625059144547,0.15321846222975705,0.15600322902827732,0.16733316380927338,0.1662438019907896,0.15992822395126075,0.1624781266072503,0.15151241800418133,0.1401790561735291,0.13289997259271324,0.11321043491894968,0.10093316191410241,0.09611874505679367,0.08288874527225835,0.06364919629335941,0.05312817053951562,0.03989451363020684,0.032395291554916626,0.02527771329417378,0.01259013048826173,0.01063603356393456,0.005348376549213255,0.0074121544971802655,0.008374874839578713,0.006811067719573533,0.006697037518621362,0.00530368472099814,0.0,0.0,0.0,0.0,0.0,0.0,0.0,0.0,0.0,0.0,0.0,0.0
0.0,0.0,0.0,0.0,0.0,0.0,0.0,0.0,0.0,0.0,0.0,0.0,0.0,0.0,0.0,0.000546039680010396,0.001660981258153431,0.004970893074108157,0.009730373990922163,0.03513530968786474,0.030779800672865423,0.059718758871782955,0.09367194795253163,0.11825742561641277,0.12764273763880665,0.13564611611211383,0.13624302530237384,0.1504590910420963,0.14714327407010527,0.13587036362525604,0.13686498833127111,0.13100419873758495,0.13692981524312284,0.1384514057746991,0.1338736347348964,0.13064160500001218,0.13004448029677795,0.12875731304288182,0.13400859207023308,0.13462733478777847,0.13246104087610958,0.12222815471362737,0.12577348467423224,0.12165009783546048,0.1322963592228461,0.1282678998052061,0.14229915914975688,0.1465975741916061,0.15299256452979876,0.16061887175022713,0.1583386044977705,0.15192872764440057,0.15589835332471447,0.14767829789564668,0.1363631159289166,0.12696718904191734,0.10707523242667864,0.09751403619637439,0.091598524875792,0.07864741333628818,0.062103689680922815,0.052660831510903505,0.03750924665013011,0.03234774289130903,0.024724116542856587,0.011983660135774657,0.009962357964113728,0.005090612078174181,0.007299700386370135,0.008237548707668694,0.006367570184356071,0.006944173614104505,0.004972811713908741,0.0,0.0,0.0,0.0,0.0,0.0,0.0,0.0,0.0,0.0,0.0,0.0
0.0,0.0,0.0,0.0,0.0,0.0,0.0,0.0,0.0,0.0,0.0,0.0,0.0,0.0,0.0,0.000535464660077763,0.001530655573491765,0.00470020381988565,0.00973182841016163,0.03448755798920473,0.030024946905831195,0.0575272098448436,0.09132358332437716,0.116019099992679,0.12204613419845227,0.1265614328426145,0.13470142197706803,0.147719219238704,0.14188777069508027,0.13382655766619012,0.13346499617356045,0.1242228166344633,0.13447758398994494,0.13412844592985387,0.12845646191474983,0.12357849387315671,0.124843850232055,0.1251702850912046,0.13155435246956013,0.13099906873225103,0.1264249608324021,0.11554629444869549,0.11969965394891985,0.11885449919246946,0.126534729927347,0.12487555361267753,0.13840605581433893,0.1425842354318022,0.14481984712867785,0.15485701328206344,0.15198875337545098,0.1463719589900662,0.15024756609669546,0.14204564774321865,0.12951572542733794,0.12102977524868,0.10499309486949172,0.09184851667191182,0.0878241971577448,0.07863537702916357,0.060690750134826714,0.04948516994629021,0.03527612794453739,0.03047606818137006,0.023891587524498922,0.012100019914516485,0.009574529866538194,0.005176768883255931,0.007233348063174213,0.007780782980675577,0.006734197464715237,0.007003590383163111,0.004858780466890891,0.0,0.0,0.0,0.0,0.0,0.0,0.0,0.0,0.0,0.0,0.0,0.0
0.0,0.0,0.0,0.0,0.0,0.0,0.0,0.0,0.0,0.0,0.0,0.0,0.0,0.0,0.0,0.000493564246987479,0.0012828585064517761,0.004335137847970575,0.008813520268936927,0.030933255378427744,0.0265879659078778,0.052592192315283,0.08229677552994294,0.10362798413521082,0.11088882243800481,0.1160187677729142,0.1186393133346624,0.13152163814911244,0.12684429680522102,0.11930787829833318,0.1172273642091963,0.11265458458742396,0.11922624538122095,0.11835384363185664,0.11453670577502202,0.1113373976370656,0.11078384882847812,0.11293312204919945,0.11516567202433439,0.11957849033730193,0.1137496881634997,0.1044553940711692,0.10800006339722365,0.10372015489290301,0.11598686435613695,0.1124120904766769,0.12257056807566744,0.12946333164241494,0.1314458416458639,0.1395721413539122,0.13806345912729917,0.1328546962957117,0.13744724937722944,0.12761724582896988,0.11678285131700204,0.10911058801474062,0.09205115331045989,0.08237828409258062,0.08023011844490117,0.06800990959963325,0.052781284799788254,0.04537972043266579,0.03198203859581921,0.027549628257600274,0.020584149656980317,0.010037056138110727,0.008314154544093835,0.004242183848875686,0.0063153146717879255,0.006903886648167573,0.005385334940676987,0.006370447121800593,0.004222390933732962,0.0,0.0,0.0,0.0,0.0,0.0,0.0,0.0,0.0,0.0,0.0,0.0
0.0,0.0,0.0,0.0,0.0,0.0,0.0,0.0,0.0,0.0,0.0,0.0,0.0,0.0,0.0,0.000453999116658759,0.0012056003114072852,0.003825612356417094,0.00819052234570261,0.027983905456039637,0.02459043882317132,0.047002313117985764,0.07455623276063358,0.09489030984749056,0.10145845730962452,0.10499263230246876,0.10879623920570335,0.1198255977122103,0.11696179620530675,0.10843861650171378,0.10846090705390768,0.10374865517507127,0.11078680444434003,0.1128185232915713,0.10667071123290649,0.1008499654430686,0.10216847512308805,0.10575078553429021,0.10682978648344303,0.10530139586559709,0.10478231762037078,0.09640193204914824,0.09924239195388361,0.09682178500013554,0.10470056518635922,0.10391593334413664,0.11200777216623942,0.11723364985541267,0.12018707702230752,0.12789455866828167,0.12721861499378587,0.12262102034011657,0.12624327750084074,0.1160426209509006,0.1092340977590632,0.09925213891344604,0.08488739498724596,0.0755884523622984,0.07449720600425015,0.06251081369872548,0.04900379565956548,0.041850815503081756,0.028799626771280618,0.025167083869528047,0.01953720400383907,0.00937647739984097,0.007873116061252147,0.004409581400640309,0.0056253749705927605,0.0064601627496841405,0.005252039525238405,0.005495608850973531,0.0039750434178994175,0.0,0.0,0.0,0.0,0.0,0.0,0.0,0.0,0.0,0.0,0.0,0.0
0.0,0.0,0.0,0.0,0.0,0.0,0.0,0.0,0.0,0.0,0.0,0.0,0.0,0.0,0.0,0.00041500480914756006,0.001079869250135769,0.0037114865379706623,0.007787124556369116,0.026355410021974057,0.024277242586679036,0.04536036938289782,0.07011386694851526,0.08746913628744576,0.09348905491179879,0.10087500551661892,0.10145727843210271,0.11176656742911173,0.10916750792641577,0.10155975290125586,0.1034570615412948,0.09660722731308385,0.10096482607780378,0.1047210016943267,0.10070108536889012,0.09514311988167372,0.09557330223863723,0.09724629869654622,0.10048356910581176,0.10125695998708004,0.09890392506625399,0.09024961811493105,0.09163364406224538,0.09118759622128476,0.1000607557394164,0.0966760332166936,0.10638879114713476,0.10945256680624692,0.11115507903750828,0.11911156273498086,0.11669529900210959,0.11454949720118995,0.11823598967080563,0.11101704064280321,0.10038380315754802,0.09330768019991344,0.0794052950063352,0.07220708963504689,0.06875914807329661,0.05918985911387851,0.0458116675629952,0.038078945985897825,0.02626009227846877,0.02401191156923803,0.017468560354677493,0.009469957104709156,0.007154685912593544,0.004299171974221551,0.005136082228821963,0.006314351899144992,0.004652661808807573,0.005134133038236768,0.0036082760190800913,0.0,0.0,0.0,0.0,0.0,0.0,0.0,0.0,0.0,0.0,0.0,0.0
0.0,0.0,0.0,0.0,0.0,0.0,0.0,0.0,0.0,0.0,0.0,0.0,0.0,0.0,0.0,0.000354563187392529,0.001004519421059598,0.003189211698823884,0.007173196273096602,0.024565329067534704,0.021509681408487406,0.0422720324731774,0.066708392809116,0.081779995637499,0.0895461456690252,0.09464760986489495,0.09659320533312167,0.10658461824215998,0.10201930601282683,0.09609448280688142,0.0946116042682632,0.09044532089056524,0.09591071604092723,0.09897385544104098,0.0926928808197403,0.09131702314630115,0.09081254368142702,0.09042993116795071,0.09653912610798863,0.09646237048451542,0.09137998413641492,0.0844589098685573,0.08622193556357532,0.08478898428988466,0.09340390238858642,0.09045274837646787,0.09977276119301029,0.10315058459076692,0.10640381344918841,0.11293487254076759,0.11044544974797277,0.1053202880037535,0.11056325646671762,0.10239951760072914,0.09425244047748464,0.08923372062593968,0.07684593736021733,0.06751766345530619,0.06385631188431658,0.055665962587081154,0.04282167182285223,0.036300363585273845,0.025541702983264383,0.021621576041875933,0.017634380440510335,0.008671321053267216,0.007054810354295622,0.003327855022955475,0.004788082253255709,0.006168083428553409,0.004505311857715437,0.005196398224025118,0.0034784030382712444,0.0,0.0,0.0,0.0,0.0,0.0,0.0,0.0,0.0,0.0,0.0,0.0
0.0,0.0,0.0,0.0,0.0,0.0,0.0,0.0,0.0,0.0,0.0,0.0,0.0,0.0,0.0,0.00038824171455363,0.001050412490052075,0.0031287121296292744,0.006232212370177254,0.02318546941365295,0.02263488163932712,0.03840231356563655,0.06117778441223454,0.07868922386538678,0.08339882721516259,0.08744465679753168,0.0883059721675809,0.09804155813232238,0.09386300454693047,0.0881141809649153,0.08956102918254741,0.08576169309653778,0.09117145201749104,0.08937167790608885,0.0885972209235571,0.08255182701352272,0.08386842802727544,0.08252039695199861,0.08740947873901685,0.09118602132437212,0.08593602283720614,0.07758909812062233,0.08061738954400094,0.08003682530889639,0.0870751902614519,0.08398884320663912,0.09419742244886437,0.09655119425880627,0.09750694634682135,0.1058285268346497,0.10415466514312521,0.09987997674170676,0.10194306331227274,0.09400549895215074,0.0902310006391964,0.08087664925361777,0.06894383922489379,0.06214319927756429,0.0595181067162139,0.050732191745966,0.04011125898843661,0.03455342894255852,0.02409957778181617,0.020850211917597335,0.016087629856604408,0.007633406046374748,0.006927841932442291,0.003548691016173594,0.004559901867783306,0.005365034434569054,0.004029725214372694,0.004504449323312382,0.003201339180617244,0.0,0.0,0.0,0.0,0.0,0.0,0.0,0.0,0.0,0.0,0.0,0.0
0.0,0.0,0.0,0.0,0.0,0.0,0.0,0.0,0.0,0.0,0.0,0.0,0.0,0.0,0.0,0.000219417842018514,0.0007468722576927931,0.002443121603098674,0.0049810081493675586,0.016880028803485228,0.014439888889479922,0.028930430943737238,0.04531547467445661,0.05712769822150483,0.061341512059104805,0.06362075382153676,0.06679399628893905,0.07309574069697954,0.06975480012308478,0.06625026979667985,0.06706557596114723,0.06506962040574078,0.06618504191406055,0.06684104861205963,0.06505235593332157,0.06345176576507922,0.0630384541538803,0.06139308539999288,0.0640742396318255,0.06565986282956088,0.06395363904397858,0.05741131815966733,0.06126335703242841,0.05768373581243605,0.0633615895039158,0.06076943941253888,0.06754424617915554,0.07108230625236728,0.07227305922038939,0.07523516123245028,0.07662259144277264,0.07444898868428698,0.07483569615298176,0.07096430980149791,0.06657544382336858,0.06000461792684658,0.05166825530431499,0.04598076230414178,0.04377002230615192,0.038345999152205094,0.029434839384726172,0.02529822902545554,0.017631725731774614,0.015327358569706,0.01087269376045443,0.005819210427371858,0.004885673382077028,0.002607759164518602,0.00336038298362754,0.0040188093026234046,0.003493853712417546,0.0031391355622784074,0.002328222911875242,0.0,0.0,0.0,0.0,0.0,0.0,0.0,0.0,0.0,0.0,0.0,0.0
0.0,0.0,0.0,0.0,0.0,0.0,0.0,0.0,0.0,0.0,0.0,0.0,0.0,0.0,0.0,0.000217424592805908,0.000663086762702931,0.0018999121248015182,0.004540094696390823,0.013786954230342078,0.012753846437637946,0.02559847663089031,0.03853250454800565,0.04936992438109388,0.051935936284245414,0.05656055711997604,0.05653515040333995,0.06402086023601028,0.06022083111190741,0.055806136939468204,0.05707711901888914,0.055339161172615094,0.05738582233343594,0.05667756543203053,0.05369888668998943,0.053323799982466676,0.05421272303144418,0.05425295286807005,0.05492681636891628,0.05694483112333077,0.05386038771878829,0.05026944284525531,0.05162432917187482,0.048989795626945574,0.05344281798741351,0.054758570022403766,0.05778490200236549,0.060464167526636005,0.06144254571148286,0.06625824872322908,0.06532136534557535,0.06252396765790075,0.06352064507120907,0.06119056342302059,0.05520021772412149,0.0524614986610059,0.04487166258717861,0.0388650423156202,0.03773099723025439,0.033590701674489305,0.02572552696048935,0.02150397317614727,0.015139490956793398,0.012577536931113787,0.010294480897678782,0.005296199734664526,0.004225924152992634,0.002220069377175276,0.002845332316084911,0.003411049881073092,0.00254575332599397,0.0027234322215852424,0.0020254269710443047,0.0,0.0,0.0,0.0,0.0,0.0,0.0,0.0,0.0,0.0,0.0,0.0
0.0,0.0,0.0,0.0,0.0,0.0,0.0,0.0,0.0,0.0,0.0,0.0,0.0,0.0,0.0,0.00021407709858892803,0.000539243559149892,0.001734527515364784,0.003829540317503481,0.014373044742561457,0.012608495585886219,0.022542535647495414,0.035743266066144135,0.04452373244670263,0.047657805519600145,0.0514060291387571,0.050008805411600174,0.05824394527536569,0.05463015378356842,0.051629362345309425,0.05186741479707678,0.04812100130806946,0.05176170780365808,0.05115346518495699,0.050649390710322144,0.048415725123484334,0.04993333716615801,0.04859807118232789,0.0516845797963214,0.05283212045292745,0.04871112722018317,0.04524249476457313,0.04569075967922502,0.04445802605578976,0.04965370794837196,0.04865894778047313,0.051914259122882715,0.05604888938178959,0.05709791504185586,0.06060690608642097,0.060801206840279814,0.05641138462554742,0.062376130240773084,0.05699677672020026,0.05145905996364792,0.048350418175442715,0.04038037153677527,0.03504981166863844,0.03471781413620999,0.030637447004483596,0.0234468333121806,0.01979823557819711,0.012773113134947313,0.012276354933460364,0.00850307067310078,0.004492255371922992,0.003784893114537108,0.002162889716160759,0.002851992851224293,0.00325108372229676,0.002370367562202537,0.002560602016317021,0.001735158125186454,0.0,0.0,0.0,0.0,0.0,0.0,0.0,0.0,0.0,0.0,0.0,0.0
0.0,0.0,0.0,0.0,0.0,0.0,0.0,0.0,0.0,0.0,0.0,0.0,0.0,0.0,0.0,0.000227090112672957,0.000528127212373209,0.0014220102815830022,0.0033375121235279075,0.011558668775022133,0.0100284716114397,0.01981496227607169,0.0313226008494685,0.042000859346162725,0.04349574352269369,0.044383210232006566,0.044617817939459715,0.04986292510403251,0.05019931171430092,0.04473322026559636,0.045422018823932014,0.043566110544875754,0.046318065021912554,0.0470247410753428,0.04586620222228157,0.04432771473638096,0.04264863412707979,0.04308557949055861,0.045123594130880476,0.04437717972483701,0.04420237603422427,0.040078076029235146,0.041272073194129774,0.04124743254064892,0.04276815734593943,0.042922503168121864,0.046586026677699476,0.049626292191497494,0.05116239549991717,0.05340980669097872,0.05394359338633035,0.051139254267358554,0.05160565582954767,0.05008020437240753,0.04529497573330374,0.04243458801439938,0.035952285420078,0.03265324385353199,0.029943325158974098,0.0270062179367383,0.02076666931429303,0.01675795312979865,0.012507761508471039,0.010392596962438168,0.008756062630636788,0.004330468689271986,0.003452175343125732,0.001575483553233456,0.0022828894897186864,0.0029516224119631924,0.00197995661795331,0.002220164366271549,0.001743483323645418,0.0,0.0,0.0,0.0,0.0,0.0,0.0,0.0,0.0,0.0,0.0,0.0
0.0,0.0,0.0,0.0,0.0,0.0,0.0,0.0,0.0,0.0,0.0,0.0,0.0,0.0,0.0,0.000149552512984191,0.000493079946536154,0.001372027655581485,0.003066250896945432,0.012495426340169404,0.01037417199344817,0.01867908037197113,0.03119718638382846,0.039508256974938344,0.039796179921822133,0.043211748832473765,0.0426726011824179,0.05049468943814958,0.046595184978299065,0.04227866668290993,0.043094073000915285,0.04161212855302779,0.04419845286931804,0.04611727981805311,0.04353356253514411,0.04153911358088752,0.04135984347215579,0.042175281207261064,0.0421347777569995,0.04250740440850156,0.04235220819415509,0.038700136365103575,0.03999588210383846,0.03733197682426804,0.04457795005475598,0.04059012564890277,0.04484418937984422,0.046222992538108444,0.04812381407591718,0.05090365087092199,0.051851936445200635,0.0484237479155378,0.050023900000560194,0.047551831315042474,0.044112376774624804,0.03938778266501739,0.03467211807324138,0.029510805664890522,0.030338719037437015,0.025886284218487918,0.018300419318672326,0.017039395263612943,0.010762428997709479,0.010877603253687189,0.007638496455374856,0.003615529530526614,0.0032558033442039477,0.001803105660172332,0.0022775382876941853,0.002366085932368698,0.0021275631464358,0.002157319777120356,0.001419186283008417,0.0,0.0,0.0,0.0,0.0,0.0,0.0,0.0,0.0,0.0,0.0,0.0
0.0,0.0,0.0,0.0,0.0,0.0,0.0,0.0,0.0,0.0,0.0,0.0,0.0,0.0,0.0,0.000152622859943295,0.000476849240171127,0.000816627624081555,0.002454175878941772,0.007611541806965266,0.0069866103872330615,0.013201575347042662,0.020280189304947495,0.026728675095355568,0.027925982858382794,0.029114840933093376,0.031405339703224344,0.03706889750252995,0.03300004364461367,0.02950065294312147,0.02994964208110977,0.027733100294779125,0.03193153296086489,0.03058403653872129,0.030206782373010777,0.028212455156240723,0.028098843633910256,0.028298028740213713,0.029958493103376272,0.031096573686729675,0.02859787403218462,0.02553581540605906,0.027360233420414746,0.02669932593583651,0.028964643516254822,0.02914496530337093,0.03162312003789776,0.03134468244992176,0.03228560170379754,0.03620724961926005,0.03396711500265753,0.034016683344714825,0.03486173878428046,0.03224890686487775,0.031259396148268,0.026872867119354417,0.023282881193118932,0.022384686302337097,0.02087379190355229,0.017186010135837086,0.013704619943299813,0.012265722354402835,0.007955692646296704,0.007527284090780778,0.005058840215730982,0.0029017603508166784,0.002108955321449511,0.0013453207194412892,0.001442643624748593,0.001787622292369128,0.001807457324361687,0.0015158950965364292,0.001020345681920829,0.0,0.0,0.0,0.0,0.0,0.0,0.0,0.0,0.0,0.0,0.0,0.0
0.0,0.0,0.0,0.0,0.0,0.0,0.0,0.0,0.0,0.0,0.0,0.0,0.0,0.0,0.0,8.864126919108299e-05,0.00038166973053728703,0.001120714985220264,0.002325935677014855,0.0071209062417902135,0.006653161259411469,0.011837451460154733,0.020107268063700636,0.02383901155468002,0.026030300092645144,0.027236498298967272,0.02772453607162446,0.031102197087734998,0.03122931706011782,0.028404742877553922,0.02862282031022314,0.02635252549554108,0.027616992677603543,0.028927729732612668,0.030606264010995143,0.027326007006133895,0.02475571562118966,0.025233778436611017,0.029115077657279824,0.02855235050078598,0.026681258049643778,0.025068559835084565,0.025569850929533657,0.0256376979036572,0.027439002658157137,0.028482076708808184,0.02754789566794072,0.030415901606991924,0.030320048639081363,0.033916492487419764,0.033034173535002063,0.03174362676517576,0.03305351969099533,0.030088937806061974,0.027760747571760926,0.024983020483715056,0.021941325698656096,0.018980723978249472,0.019059900394344666,0.017505473761001148,0.012913577224521765,0.010984231372525372,0.007522918884691608,0.006734656513662852,0.005112771855720291,0.0023669363476379554,0.001697550893753298,0.000926405308448766,0.001979833695013641,0.001460539010991228,0.001421428578408156,0.001545287208354498,0.001176631140286197,0.0,0.0,0.0,0.0,0.0,0.0,0.0,0.0,0.0,0.0,0.0,0.0
0.0,0.0,0.0,0.0,0.0,0.0,0.0,0.0,0.0,0.0,0.0,0.0,0.0,0.0,0.0,7.2321124552584e-05,0.000186327380513064,0.000729168689410638,0.0014757257652439559,0.005741232891400677,0.0045119211782565895,0.008182408929208327,0.012495395446463057,0.015626521310481686,0.016561218920059434,0.016853492188952764,0.017479770670513747,0.020755757938769024,0.018310934554265523,0.018645065376767238,0.01921968404338339,0.01764794270911186,0.018233111930979515,0.01699549628807128,0.017878108779122513,0.018119406715172714,0.018081102158800988,0.01655167965932412,0.019675152198546608,0.01704549976488365,0.017583854120495703,0.01502823487984189,0.015980124665848087,0.016618977870544074,0.01637760588426103,0.01662077100455226,0.01837492524914869,0.019585176577163427,0.01830728605769555,0.021751908326779975,0.02120818365427753,0.02072380483723554,0.020756914049009926,0.019200720064303504,0.018744560993869425,0.015919122896810613,0.01534674838920253,0.014243273597817786,0.0112280019518635,0.01119816555900252,0.008607804852328737,0.007206382650277971,0.005368709853094809,0.0038383031833458003,0.003536081156429676,0.001885592442290784,0.001156921343494092,0.000777887530685421,0.0012199830817038841,0.001046456792810661,0.000639601158186159,0.000821399197044681,0.000531910191119244,0.0,0.0,0.0,0.0,0.0,0.0,0.0,0.0,0.0,0.0,0.0,0.0
0.0,0.0,0.0,0.0,0.0,0.0,0.0,0.0,0.0,0.0,0.0,0.0,0.0,0.0,0.0,5.2488789570165003e-05,0.000156505758841281,0.000483207395287464,0.0011691813378428221,0.004454692052888847,0.003820155899537283,0.007483605641399841,0.011900621604739639,0.01423337410341504,0.015102119682346314,0.015918396724749973,0.0164189694839703,0.017477803925173622,0.016754112429043642,0.01645094926813161,0.017139750876726315,0.014979459238720265,0.01638966544162539,0.016250408852249557,0.015562888463163052,0.01521951989753319,0.015365948558793308,0.014475499041713172,0.01547505853081902,0.015669126633914305,0.015601401433581802,0.014740782887012631,0.013854836959263166,0.01417730897837078,0.015437548365525019,0.015002844244228614,0.016368925705631195,0.0167787134886262,0.01767121313751879,0.01735643176962849,0.0188482012605278,0.01838369212384986,0.018264642530689247,0.017481490154683758,0.01662959847787846,0.015047021687497237,0.012430722971316607,0.01080395755958696,0.010257123541636557,0.009136084253987271,0.007042706854112385,0.005864212125414948,0.004494795041039769,0.0035313128405371113,0.00283591125676872,0.001283828349188622,0.0015698473065191522,0.000774603956071977,0.005526858597171366,0.0010153083524225132,0.000746024490169554,0.000828839429587365,0.000494615441569698,0.0,0.0,0.0,0.0,0.0,0.0,0.0,0.0,0.0,0.0,0.0,0.0
0.0,0.0,0.0,0.0,0.0,0.0,0.0,0.0,0.0,0.0,0.0,0.0,0.0,0.0,0.0,6.0364828700271e-05,0.00016531784438428502,0.000461966309950929,0.0011620861268747341,0.003537648852775878,0.002971771547736663,0.0057594099301457365,0.009958456327079241,0.012376797427548943,0.01311264224506917,0.014437602643044433,0.013760953498904431,0.014795970782149137,0.01446392782924123,0.01428403832777074,0.013294830991890662,0.01253648569825189,0.01400173075614735,0.014209151266233625,0.012839456257357081,0.013583933344032292,0.013329421601263144,0.013396816263293629,0.013591539576888967,0.013667146814201536,0.01351501404045168,0.012042249855312886,0.012375426641112103,0.012377576501737618,0.01400914517233636,0.013487515946234737,0.013903492438113844,0.014797490962310323,0.01469916717180713,0.015676917134903486,0.016504395865234438,0.015347172450011475,0.0156288223121657,0.014940069749442265,0.013547118091860523,0.012457486317830113,0.010811092551127775,0.010059141038070644,0.010006805021538133,0.008140635845513356,0.0063786599206128005,0.005324097009055662,0.003880349363903508,0.0034577478413237283,0.0022312009073825793,0.00120477203165253,0.0008770474232290711,0.0005031858485482771,0.0007689164877183691,0.000894103275813852,0.000621133231649235,0.000625572610356834,0.000481396708744404,0.0,0.0,0.0,0.0,0.0,0.0,0.0,0.0,0.0,0.0,0.0,0.0
0.0,0.0,0.0,0.0,0.0,0.0,0.0,0.0,0.0,0.0,0.0,0.0,0.0,0.0,0.0,4.2828676926723e-05,0.00015441581209242,0.0006295705881141391,0.0009041657957381371,0.002974219279988532,0.002544474152660901,0.005597791377313866,0.008567301676109852,0.01048831414318104,0.011608962503134167,0.011742599600350408,0.012334820559710405,0.012985075453913307,0.013117044391650321,0.012009127361750922,0.012629848160193415,0.01097745842451331,0.012458104352337832,0.01228344072182221,0.011799396436395843,0.011013411731245148,0.010669284566244865,0.01156481470202626,0.0130709800326372,0.011838541286449957,0.011185913058836693,0.010103637556450806,0.010495160425397443,0.010881504195822853,0.011552369620652266,0.01049261362700702,0.0119417099143248,0.013365774129471436,0.013293907254265441,0.013634476332206635,0.014048931208782388,0.014055387455297485,0.01381564115932135,0.012552675095243212,0.012744340879220767,0.010562273378629182,0.009553489481740928,0.00805640925502512,0.007944708639616263,0.006646135095171315,0.006027603612606,0.004318989294429894,0.0030751498841502813,0.002521135061655615,0.002180713144216368,0.0013240521325413991,0.0009277754497811041,0.000334290686154483,0.0006141044113299811,0.000675138202806951,0.000489341417899686,0.00044001842191032,0.000495729106259982,0.0,0.0,0.0,0.0,0.0,0.0,0.0,0.0,0.0,0.0,0.0,0.0
0.0,0.0,0.0,0.0,0.0,0.0,0.0,0.0,0.0,0.0,0.0,0.0,0.0,0.0,0.0,3.5543767076052e-05,9.5716454253228e-05,0.00036710927159290204,0.0008408802958181341,0.00271951121244474,0.0023524307814694863,0.004806316573478124,0.007818440606957976,0.009767811297129038,0.01032369488008826,0.010419425446610344,0.011230025850518079,0.011891417612276184,0.011292454268160114,0.010674371369736022,0.010983582284705265,0.009978051961605856,0.010485042815275182,0.011016452946773664,0.010782882961406531,0.0102338898697708,0.010276592772984355,0.011341094699198136,0.010101681588315654,0.010853248321780301,0.010453154354506257,0.009154993859906436,0.009652858328272703,0.009355725489301935,0.010784385468613919,0.009793313783022208,0.011369979966327475,0.012120365576566044,0.011269008456170971,0.013114529101166686,0.012580297876604312,0.012402771008393184,0.011603528186029818,0.011693232933039562,0.011321494328599151,0.010672498023301093,0.008538888480373341,0.007593790916387106,0.007827210714012909,0.0063458078960641415,0.00462595625537472,0.003946697698518876,0.00283755415908636,0.002414777100469962,0.0018887831103037351,0.000948544400364012,0.000861546110934324,0.000366708344454969,0.0005827885612644811,0.0005808140679423751,0.000375856739886519,0.000537896992605258,0.0005208395851372619,0.0,0.0,0.0,0.0,0.0,0.0,0.0,0.0,0.0,0.0,0.0,0.0
0.0,0.0,0.0,0.0,0.0,0.0,0.0,0.0,0.0,0.0,0.0,0.0,0.0,0.0,0.0,3.2468513994342004e-05,9.1612660975749e-05,0.000271383240203421,0.000666537060649911,0.002143352582013984,0.001798971200120133,0.003632584051123194,0.00587501543473452,0.007094416373349297,0.0077375775122773445,0.008327619733729747,0.008788742679841036,0.008591479960486108,0.00911872444717907,0.007347219347136264,0.0076930698631326,0.008382590314452546,0.00832644730892264,0.00849895319917194,0.008088131923368904,0.007826978697424648,0.007723224334606992,0.00830575696562249,0.00843529686405859,0.00816159467671121,0.007667890606809567,0.006781239410197524,0.0069192602257246265,0.00772073250652017,0.008092210397262675,0.008911752943532277,0.00868259599511042,0.009515630069755237,0.008624998886321894,0.009541974502226575,0.009809979163487347,0.009263372995740767,0.009599020292680647,0.008746975849050796,0.008204501020032128,0.007389184134033088,0.006451627505406402,0.005574849531226563,0.005473011773503446,0.004711061635112601,0.003583916562773703,0.0030660254869804924,0.0020085517021657413,0.00198085004362638,0.001297922769753549,0.000666926122077063,0.0006852539311327171,0.000248054271819582,0.000363287259422175,0.000466879063244991,0.000442321228334433,0.000544058832376746,0.000260890281323094,0.0,0.0,0.0,0.0,0.0,0.0,0.0,0.0,0.0,0.0,0.0,0.0
0.0,0.0,0.0,0.0,0.0,0.0,0.0,0.0,0.0,0.0,0.0,0.0,0.0,0.0,0.0,0.0,0.0,0.0,0.0,0.0,0.0,0.0,0.0,0.0,0.0,0.0,0.0,0.0,0.0,0.0,0.0,0.0,0.0,0.0,0.0,0.0,0.0,0.0,0.0,0.0,0.0,0.0,0.0,0.0,0.0,0.0,0.0,0.0,0.0,0.0,0.0,0.0,0.0,0.0,0.0,0.0,0.0,0.0,0.0,0.0,0.0,0.0,0.0,0.0,0.0,0.0,0.0,0.0,0.0,0.0,0.0,0.0,0.0,0.0,0.0,0.0,0.0,0.0,0.0,0.0,0.0,0.0,0.0,0.0,0.0
0.0,0.0,0.0,0.0,0.0,0.0,0.0,0.0,0.0,0.0,0.0,0.0,0.0,0.0,0.0,0.0,0.0,0.0,0.0,0.0,0.0,0.0,0.0,0.0,0.0,0.0,0.0,0.0,0.0,0.0,0.0,0.0,0.0,0.0,0.0,0.0,0.0,0.0,0.0,0.0,0.0,0.0,0.0,0.0,0.0,0.0,0.0,0.0,0.0,0.0,0.0,0.0,0.0,0.0,0.0,0.0,0.0,0.0,0.0,0.0,0.0,0.0,0.0,0.0,0.0,0.0,0.0,0.0,0.0,0.0,0.0,0.0,0.0,0.0,0.0,0.0,0.0,0.0,0.0,0.0,0.0,0.0,0.0,0.0,0.0
0.0,0.0,0.0,0.0,0.0,0.0,0.0,0.0,0.0,0.0,0.0,0.0,0.0,0.0,0.0,0.0,0.0,0.0,0.0,0.0,0.0,0.0,0.0,0.0,0.0,0.0,0.0,0.0,0.0,0.0,0.0,0.0,0.0,0.0,0.0,0.0,0.0,0.0,0.0,0.0,0.0,0.0,0.0,0.0,0.0,0.0,0.0,0.0,0.0,0.0,0.0,0.0,0.0,0.0,0.0,0.0,0.0,0.0,0.0,0.0,0.0,0.0,0.0,0.0,0.0,0.0,0.0,0.0,0.0,0.0,0.0,0.0,0.0,0.0,0.0,0.0,0.0,0.0,0.0,0.0,0.0,0.0,0.0,0.0,0.0
0.0,0.0,0.0,0.0,0.0,0.0,0.0,0.0,0.0,0.0,0.0,0.0,0.0,0.0,0.0,0.0,0.0,0.0,0.0,0.0,0.0,0.0,0.0,0.0,0.0,0.0,0.0,0.0,0.0,0.0,0.0,0.0,0.0,0.0,0.0,0.0,0.0,0.0,0.0,0.0,0.0,0.0,0.0,0.0,0.0,0.0,0.0,0.0,0.0,0.0,0.0,0.0,0.0,0.0,0.0,0.0,0.0,0.0,0.0,0.0,0.0,0.0,0.0,0.0,0.0,0.0,0.0,0.0,0.0,0.0,0.0,0.0,0.0,0.0,0.0,0.0,0.0,0.0,0.0,0.0,0.0,0.0,0.0,0.0,0.0
0.0,0.0,0.0,0.0,0.0,0.0,0.0,0.0,0.0,0.0,0.0,0.0,0.0,0.0,0.0,0.0,0.0,0.0,0.0,0.0,0.0,0.0,0.0,0.0,0.0,0.0,0.0,0.0,0.0,0.0,0.0,0.0,0.0,0.0,0.0,0.0,0.0,0.0,0.0,0.0,0.0,0.0,0.0,0.0,0.0,0.0,0.0,0.0,0.0,0.0,0.0,0.0,0.0,0.0,0.0,0.0,0.0,0.0,0.0,0.0,0.0,0.0,0.0,0.0,0.0,0.0,0.0,0.0,0.0,0.0,0.0,0.0,0.0,0.0,0.0,0.0,0.0,0.0,0.0,0.0,0.0,0.0,0.0,0.0,0.0
0.0,0.0,0.0,0.0,0.0,0.0,0.0,0.0,0.0,0.0,0.0,0.0,0.0,0.0,0.0,0.0,0.0,0.0,0.0,0.0,0.0,0.0,0.0,0.0,0.0,0.0,0.0,0.0,0.0,0.0,0.0,0.0,0.0,0.0,0.0,0.0,0.0,0.0,0.0,0.0,0.0,0.0,0.0,0.0,0.0,0.0,0.0,0.0,0.0,0.0,0.0,0.0,0.0,0.0,0.0,0.0,0.0,0.0,0.0,0.0,0.0,0.0,0.0,0.0,0.0,0.0,0.0,0.0,0.0,0.0,0.0,0.0,0.0,0.0,0.0,0.0,0.0,0.0,0.0,0.0,0.0,0.0,0.0,0.0,0.0
0.0,0.0,0.0,0.0,0.0,0.0,0.0,0.0,0.0,0.0,0.0,0.0,0.0,0.0,0.0,0.0,0.0,0.0,0.0,0.0,0.0,0.0,0.0,0.0,0.0,0.0,0.0,0.0,0.0,0.0,0.0,0.0,0.0,0.0,0.0,0.0,0.0,0.0,0.0,0.0,0.0,0.0,0.0,0.0,0.0,0.0,0.0,0.0,0.0,0.0,0.0,0.0,0.0,0.0,0.0,0.0,0.0,0.0,0.0,0.0,0.0,0.0,0.0,0.0,0.0,0.0,0.0,0.0,0.0,0.0,0.0,0.0,0.0,0.0,0.0,0.0,0.0,0.0,0.0,0.0,0.0,0.0,0.0,0.0,0.0
0.0,0.0,0.0,0.0,0.0,0.0,0.0,0.0,0.0,0.0,0.0,0.0,0.0,0.0,0.0,0.0,0.0,0.0,0.0,0.0,0.0,0.0,0.0,0.0,0.0,0.0,0.0,0.0,0.0,0.0,0.0,0.0,0.0,0.0,0.0,0.0,0.0,0.0,0.0,0.0,0.0,0.0,0.0,0.0,0.0,0.0,0.0,0.0,0.0,0.0,0.0,0.0,0.0,0.0,0.0,0.0,0.0,0.0,0.0,0.0,0.0,0.0,0.0,0.0,0.0,0.0,0.0,0.0,0.0,0.0,0.0,0.0,0.0,0.0,0.0,0.0,0.0,0.0,0.0,0.0,0.0,0.0,0.0,0.0,0.0
0.0,0.0,0.0,0.0,0.0,0.0,0.0,0.0,0.0,0.0,0.0,0.0,0.0,0.0,0.0,0.0,0.0,0.0,0.0,0.0,0.0,0.0,0.0,0.0,0.0,0.0,0.0,0.0,0.0,0.0,0.0,0.0,0.0,0.0,0.0,0.0,0.0,0.0,0.0,0.0,0.0,0.0,0.0,0.0,0.0,0.0,0.0,0.0,0.0,0.0,0.0,0.0,0.0,0.0,0.0,0.0,0.0,0.0,0.0,0.0,0.0,0.0,0.0,0.0,0.0,0.0,0.0,0.0,0.0,0.0,0.0,0.0,0.0,0.0,0.0,0.0,0.0,0.0,0.0,0.0,0.0,0.0,0.0,0.0,0.0
0.0,0.0,0.0,0.0,0.0,0.0,0.0,0.0,0.0,0.0,0.0,0.0,0.0,0.0,0.0,0.0,0.0,0.0,0.0,0.0,0.0,0.0,0.0,0.0,0.0,0.0,0.0,0.0,0.0,0.0,0.0,0.0,0.0,0.0,0.0,0.0,0.0,0.0,0.0,0.0,0.0,0.0,0.0,0.0,0.0,0.0,0.0,0.0,0.0,0.0,0.0,0.0,0.0,0.0,0.0,0.0,0.0,0.0,0.0,0.0,0.0,0.0,0.0,0.0,0.0,0.0,0.0,0.0,0.0,0.0,0.0,0.0,0.0,0.0,0.0,0.0,0.0,0.0,0.0,0.0,0.0,0.0,0.0,0.0,0.0
0.0,0.0,0.0,0.0,0.0,0.0,0.0,0.0,0.0,0.0,0.0,0.0,0.0,0.0,0.0,0.0,0.0,0.0,0.0,0.0,0.0,0.0,0.0,0.0,0.0,0.0,0.0,0.0,0.0,0.0,0.0,0.0,0.0,0.0,0.0,0.0,0.0,0.0,0.0,0.0,0.0,0.0,0.0,0.0,0.0,0.0,0.0,0.0,0.0,0.0,0.0,0.0,0.0,0.0,0.0,0.0,0.0,0.0,0.0,0.0,0.0,0.0,0.0,0.0,0.0,0.0,0.0,0.0,0.0,0.0,0.0,0.0,0.0,0.0,0.0,0.0,0.0,0.0,0.0,0.0,0.0,0.0,0.0,0.0,0.0
0.0,0.0,0.0,0.0,0.0,0.0,0.0,0.0,0.0,0.0,0.0,0.0,0.0,0.0,0.0,0.0,0.0,0.0,0.0,0.0,0.0,0.0,0.0,0.0,0.0,0.0,0.0,0.0,0.0,0.0,0.0,0.0,0.0,0.0,0.0,0.0,0.0,0.0,0.0,0.0,0.0,0.0,0.0,0.0,0.0,0.0,0.0,0.0,0.0,0.0,0.0,0.0,0.0,0.0,0.0,0.0,0.0,0.0,0.0,0.0,0.0,0.0,0.0,0.0,0.0,0.0,0.0,0.0,0.0,0.0,0.0,0.0,0.0,0.0,0.0,0.0,0.0,0.0,0.0,0.0,0.0,0.0,0.0,0.0,0.0
